Hours_Studied,Attendance,Parental_Involvement,Access_to_Resources,Extracurricular_Activities,Sleep_Hours,Previous_Scores,Motivation_Level,Internet_Access,Tutoring_Sessions,Final_Exam_Score
17.0,73.4,High,Medium,No,7.2,93.0,High,Yes,1.0,64.0
28.2,90.9,Medium,Low,Yes,9.2,71.8,High,Yes,1.0,67.1
21.0,81.5,Medium,Medium,Yes,6.0,62.9,High,Yes,2.0,53.8
22.3,85.5,Medium,Low,No,8.4,85.2,High,Yes,3.0,68.4
21.3,93.8,Medium,Medium,Yes,7.6,97.7,High,Yes,0.0,72.4
25.5,85.1,Medium,High,Yes,8.9,94.3,High,Yes,3.0,79.6
30.4,73.4,Medium,Low,Yes,7.4,81.4,High,Yes,3.0,72.2
12.3,72.5,Medium,Medium,Yes,6.5,80.0,High,No,1.0,64.2
18.2,83.2,High,Medium,No,6.4,68.2,High,,1.0,56.9
13.5,99.6,Medium,Low,No,10.0,68.1,High,Yes,1.0,57.8
27.2,93.9,High,Low,No,6.3,89.4,High,Yes,2.0,77.7
6.0,75.5,Medium,Medium,Yes,6.7,78.1,High,Yes,1.0,57.9
23.5,67.4,Low,High,No,7.9,77.3,High,Yes,4.0,70.1
8.9,72.0,Medium,Medium,No,8.2,84.8,High,Yes,2.0,61.7
16.0,70.5,Low,Medium,No,6.9,55.0,High,Yes,3.0,55.7
18.3,83.5,Medium,Low,No,8.2,66.7,High,Yes,3.0,61.9
24.3,78.4,High,High,Yes,7.7,81.7,High,Yes,5.0,78.1
25.1,68.5,High,High,Yes,8.3,67.4,High,Yes,1.0,67.1
23.7,92.2,Medium,High,Yes,6.7,59.1,High,Yes,0.0,65.2
21.4,65.1,Low,High,Yes,7.7,99.0,High,Yes,1.0,77.2
30.7,63.2,Medium,Medium,Yes,7.8,51.3,High,Yes,2.0,59.6
21.6,80.9,Medium,Medium,No,9.1,87.7,High,No,1.0,65.6
20.3,65.6,High,High,Yes,7.4,89.5,High,Yes,1.0,62.5
28.8,64.9,Medium,Medium,Yes,7.8,96.9,High,Yes,4.0,82.0
29.0,94.1,High,Low,No,8.6,76.9,High,Yes,1.0,72.0
21.3,95.2,Low,Low,Yes,7.9,73.2,High,Yes,1.0,66.8
22.2,95.3,Medium,Low,No,5.2,64.3,High,Yes,1.0,62.0
23.4,87.3,Medium,Low,Yes,6.2,87.1,High,Yes,3.0,72.1
24.0,83.5,Medium,High,No,6.1,80.3,High,Yes,1.0,72.0
29.0,72.6,Medium,Medium,Yes,7.9,61.9,High,Yes,2.0,66.8
24.0,75.8,Low,Medium,Yes,8.3,98.2,High,Yes,1.0,82.1
27.7,61.6,Medium,Low,No,6.2,88.1,High,Yes,2.0,72.3
17.5,64.1,Medium,Medium,Yes,6.6,81.6,High,Yes,1.0,60.5
14.2,77.1,High,Medium,Yes,6.8,93.0,High,Yes,2.0,61.6
21.8,61.7,High,Low,No,7.9,82.2,High,Yes,1.0,63.0
19.8,83.3,Medium,High,No,7.1,52.0,High,Yes,1.0,49.1
14.1,71.5,Low,Medium,Yes,6.9,69.1,High,Yes,0.0,57.6
19.5,82.3,Medium,Medium,Yes,9.2,82.1,High,Yes,2.0,68.0
23.1,93.4,High,Medium,No,6.2,83.4,High,Yes,1.0,67.9
23.7,87.2,Medium,Medium,Yes,6.5,59.7,High,No,4.0,66.2
27.6,82.7,High,High,No,5.6,66.3,High,Yes,2.0,66.8
15.2,96.8,Medium,Low,Yes,4.9,84.2,High,Yes,1.0,68.3
18.3,80.7,Medium,Low,No,8.2,98.6,High,Yes,2.0,72.9
12.1,97.2,High,Medium,No,4.9,78.8,High,Yes,2.0,65.2
11.1,73.4,Medium,Medium,No,6.3,85.1,High,Yes,1.0,54.4
13.7,64.1,Medium,High,No,7.3,55.5,High,Yes,3.0,59.4
11.0,83.5,Low,Medium,Yes,5.3,83.6,High,Yes,0.0,60.3
18.1,71.0,High,Low,Yes,8.2,75.4,High,Yes,1.0,55.1
19.2,97.1,High,Medium,No,6.5,97.6,High,Yes,3.0,82.5
28.8,96.5,High,High,Yes,8.1,81.4,High,Yes,1.0,72.2
9.9,76.3,Low,Low,Yes,6.2,53.2,High,Yes,2.0,46.3
19.7,97.9,Low,High,Yes,6.5,73.8,High,Yes,5.0,78.3
21.1,85.1,Medium,High,No,6.8,73.3,High,Yes,0.0,63.2
20.0,68.9,Medium,Medium,Yes,5.3,56.0,High,Yes,0.0,49.1
24.5,85.0,Medium,High,Yes,6.6,68.1,High,Yes,1.0,61.9
15.7,80.3,High,Medium,No,6.4,71.0,High,Yes,0.0,55.5
29.2,71.9,High,Medium,Yes,10.0,67.9,High,Yes,0.0,68.2
18.3,72.6,High,High,Yes,8.9,79.7,High,Yes,2.0,66.5
16.0,61.9,High,High,Yes,8.5,53.9,High,Yes,1.0,50.1
29.9,99.6,High,Medium,Yes,8.1,72.3,High,Yes,1.0,72.4
32.8,71.7,Medium,Medium,No,6.3,82.3,High,No,1.0,72.1
15.4,85.0,Medium,Medium,Yes,5.0,72.1,High,Yes,2.0,64.0
15.8,97.8,Medium,High,Yes,4.4,54.0,High,Yes,4.0,58.9
13.4,73.8,Medium,Medium,Yes,8.1,99.9,High,No,1.0,59.8
12.9,74.3,Medium,Medium,Yes,6.6,91.5,High,Yes,3.0,66.2
18.9,60.9,Medium,Low,No,6.0,69.5,High,Yes,0.0,52.3
17.7,92.0,High,Low,Yes,6.7,93.5,High,No,2.0,73.3
18.5,66.8,Medium,High,No,6.0,96.7,High,Yes,2.0,65.8
19.2,74.6,Medium,Low,No,7.4,90.9,High,Yes,1.0,61.5
16.7,76.6,Medium,High,No,6.6,92.2,High,Yes,1.0,74.5
17.4,91.6,Medium,Medium,Yes,6.5,84.3,High,Yes,1.0,69.7
13.0,68.6,Medium,Low,No,7.5,55.6,High,Yes,1.0,38.5
14.6,90.3,High,Medium,No,7.9,52.7,High,Yes,2.0,56.5
24.5,80.1,High,Medium,Yes,6.2,71.7,High,No,3.0,67.5
23.1,91.6,Medium,Medium,No,7.5,74.9,High,No,2.0,66.5
20.6,90.2,Low,Medium,No,7.0,81.4,High,Yes,3.0,74.5
9.8,78.0,Medium,Medium,No,7.8,61.1,High,Yes,3.0,47.8
17.6,65.0,High,Medium,No,7.2,59.9,High,Yes,0.0,52.4
25.6,71.7,Medium,,Yes,7.2,68.0,High,Yes,1.0,67.9
22.5,78.0,Medium,Medium,Yes,6.3,72.6,High,Yes,2.0,60.4
5.6,95.5,Medium,Medium,No,6.7,55.3,High,Yes,0.0,50.8
17.4,85.7,Medium,High,Yes,6.2,52.9,High,Yes,3.0,60.9
9.7,84.1,Medium,Low,Yes,6.0,71.1,High,Yes,1.0,54.8
21.8,73.4,Medium,Medium,Yes,10.0,96.8,High,Yes,3.0,73.0
16.0,75.2,Medium,High,Yes,7.5,55.1,High,Yes,1.0,48.9
14.0,84.5,Medium,Low,No,6.7,51.4,High,Yes,1.0,49.1
21.1,82.1,Low,High,No,9.2,93.9,High,Yes,0.0,80.1
15.1,82.1,Medium,Low,Yes,6.9,72.9,High,Yes,0.0,55.3
21.2,70.9,Medium,Medium,No,5.6,67.2,High,Yes,1.0,61.1
32.5,95.3,Medium,Medium,Yes,6.7,86.5,High,Yes,4.0,84.1
20.3,64.1,High,Low,,10.0,70.9,High,Yes,2.0,63.8
21.1,92.8,Low,Low,Yes,5.6,63.7,High,Yes,1.0,61.1
12.8,97.6,High,Medium,Yes,9.1,60.7,High,Yes,0.0,50.3
8.6,70.9,Medium,High,No,7.0,70.2,High,Yes,0.0,58.4
13.2,93.8,Low,Medium,Yes,9.5,61.0,High,Yes,2.0,63.2
23.4,62.0,Medium,High,No,4.0,95.8,High,Yes,0.0,66.6
20.8,80.0,Medium,Medium,Yes,9.3,89.5,High,Yes,2.0,77.3
14.4,98.3,Medium,High,Yes,6.6,60.3,High,Yes,0.0,54.1
26.2,68.5,High,Medium,No,6.9,85.9,High,Yes,1.0,65.6
25.6,61.4,Medium,Medium,No,6.3,95.6,High,Yes,1.0,70.1
28.9,98.0,High,Medium,No,7.1,81.6,High,Yes,0.0,73.5
18.1,85.7,Medium,High,No,6.5,87.6,High,,2.0,70.0
25.4,68.9,High,High,No,7.5,62.9,High,Yes,3.0,69.8
17.0,74.9,Medium,High,Yes,9.7,63.7,High,Yes,0.0,57.3
23.8,66.7,Low,Medium,No,8.0,82.5,High,Yes,1.0,63.0
22.5,98.4,Low,Low,No,5.6,81.2,High,Yes,1.0,61.4
22.3,89.3,High,Medium,No,9.4,51.7,High,Yes,2.0,52.6
13.8,73.6,High,Medium,No,4.6,87.0,High,Yes,0.0,62.9
25.7,96.6,Medium,Medium,Yes,5.8,63.5,High,Yes,1.0,58.9
20.2,74.6,High,High,Yes,7.5,91.1,High,Yes,1.0,68.1
23.5,61.4,Low,Medium,Yes,5.8,88.3,High,Yes,3.0,70.0
19.0,62.5,Low,Medium,Yes,7.4,73.9,High,Yes,3.0,58.5
17.7,65.6,High,High,Yes,7.8,84.9,High,Yes,1.0,68.4
23.7,75.6,Medium,Medium,Yes,7.5,54.2,High,Yes,2.0,56.7
26.2,62.2,High,Medium,Yes,7.7,89.8,High,No,1.0,73.2
13.9,93.0,Medium,Low,Yes,7.1,72.8,High,Yes,0.0,59.7
34.6,87.0,Low,Medium,No,7.4,92.5,High,Yes,3.0,78.2
15.1,90.7,Medium,Medium,Yes,6.1,65.6,High,Yes,2.0,64.9
27.3,99.4,Medium,Low,No,6.1,78.6,High,Yes,2.0,75.4
19.6,74.8,High,Medium,Yes,8.5,51.8,High,Yes,2.0,55.0
26.7,94.2,Medium,Low,Yes,7.6,86.0,High,Yes,1.0,71.3
18.1,66.1,Medium,High,Yes,6.3,73.8,High,Yes,0.0,55.4
14.6,67.5,Medium,High,Yes,5.8,83.3,High,Yes,0.0,60.7
11.0,95.2,Medium,High,No,8.8,89.5,High,Yes,2.0,64.8
20.4,98.3,Medium,High,Yes,5.5,75.5,High,Yes,2.0,68.9
21.2,71.1,Medium,Medium,No,5.1,61.0,High,Yes,1.0,57.0
23.3,69.3,Low,Medium,Yes,8.6,86.4,High,Yes,2.0,69.4
14.7,90.2,Medium,Low,Yes,7.7,71.6,High,Yes,1.0,59.4
14.9,63.8,Medium,Medium,Yes,5.1,71.4,High,Yes,1.0,55.5
17.4,96.4,High,Low,Yes,7.3,66.1,High,Yes,1.0,62.6
16.0,70.3,Medium,High,No,7.2,97.3,High,Yes,0.0,69.9
19.6,80.3,High,High,Yes,6.5,85.3,High,Yes,3.0,72.0
30.0,80.2,High,High,Yes,7.6,84.0,High,No,1.0,76.9
19.5,75.5,Medium,Medium,Yes,8.7,96.1,High,Yes,2.0,69.8
12.2,96.2,High,Medium,No,7.3,56.0,High,Yes,3.0,53.0
17.3,95.8,Medium,High,Yes,4.0,83.6,High,Yes,0.0,66.4
26.2,64.4,Medium,Medium,Yes,7.7,91.0,High,Yes,0.0,72.3
17.7,98.2,High,Medium,Yes,5.4,54.4,High,Yes,4.0,62.6
22.3,97.0,High,Medium,No,6.9,95.2,High,Yes,2.0,78.3
23.1,73.8,High,High,No,8.4,69.3,High,Yes,0.0,60.4
15.3,76.4,High,High,No,4.6,95.0,High,Yes,1.0,66.7
14.7,86.4,High,Medium,Yes,5.4,68.6,High,Yes,2.0,62.7
19.3,83.6,Medium,Medium,No,7.7,80.9,High,Yes,1.0,71.4
16.4,73.5,High,Low,Yes,7.6,55.8,High,Yes,4.0,53.7
19.0,96.7,High,High,No,6.0,51.0,High,Yes,4.0,65.4
7.3,77.1,Low,High,No,6.8,69.5,High,Yes,1.0,59.1
20.7,82.8,Medium,High,Yes,6.6,72.6,High,Yes,,68.6
10.0,63.1,Low,High,No,5.1,62.0,High,Yes,3.0,57.2
30.3,73.5,High,Medium,No,4.1,92.8,High,No,1.0,72.4
12.4,74.1,Low,Medium,Yes,6.6,86.1,High,Yes,4.0,63.3
18.8,69.0,High,High,No,6.3,81.1,High,Yes,0.0,60.0
21.2,64.8,Low,High,Yes,6.2,59.8,High,Yes,0.0,52.4
26.5,80.1,Medium,High,Yes,9.3,56.7,High,Yes,2.0,55.9
14.6,82.7,Medium,High,Yes,8.0,56.3,High,Yes,1.0,53.9
21.4,90.3,Medium,Low,Yes,5.7,81.4,High,Yes,1.0,66.1
21.4,93.2,Medium,Low,Yes,7.8,63.5,High,Yes,0.0,58.7
12.3,89.4,Medium,Low,No,8.5,92.4,High,No,2.0,64.6
22.3,78.6,Medium,High,Yes,7.9,59.5,High,Yes,0.0,51.4
20.6,97.2,Low,Low,No,6.7,52.9,High,Yes,3.0,50.1
27.8,92.2,Low,Medium,No,8.0,72.3,High,Yes,2.0,73.2
24.6,70.7,Low,Medium,No,8.1,79.8,High,Yes,0.0,62.8
21.4,72.3,Medium,High,No,7.0,64.5,High,Yes,0.0,62.6
20.8,97.3,Medium,Medium,No,6.6,74.1,High,Yes,4.0,69.5
29.8,65.5,Medium,Medium,Yes,6.6,68.3,High,Yes,0.0,62.7
14.6,69.7,Medium,Medium,No,7.0,73.2,High,No,0.0,52.5
22.2,89.0,Medium,Low,Yes,,79.1,High,Yes,1.0,55.9
26.9,67.9,Low,Medium,No,6.8,78.8,High,Yes,1.0,64.1
15.0,69.0,,Medium,Yes,8.2,99.5,High,,4.0,75.9
20.1,86.7,Low,Medium,No,4.6,85.4,High,Yes,0.0,68.5
17.3,71.2,Medium,Medium,Yes,8.3,67.3,High,Yes,1.0,57.2
22.2,64.7,Low,Medium,Yes,5.6,85.2,High,Yes,1.0,68.9
15.6,75.7,High,High,No,8.3,73.9,High,Yes,2.0,54.6
22.0,70.6,Low,Medium,No,5.1,90.0,High,No,0.0,64.4
17.9,93.2,Medium,Medium,Yes,6.2,94.8,High,Yes,2.0,67.4
24.3,73.4,Medium,Medium,Yes,6.8,64.5,High,Yes,1.0,59.5
14.6,64.2,High,Medium,No,5.9,65.9,High,Yes,2.0,53.9
17.7,68.1,High,High,Yes,7.3,92.0,High,Yes,2.0,72.0
27.2,67.9,Low,Low,No,7.1,56.6,High,Yes,0.0,56.7
13.7,65.3,Medium,Medium,Yes,6.5,64.5,High,Yes,2.0,48.9
14.8,94.9,Medium,Medium,Yes,5.9,69.5,High,Yes,0.0,50.2
18.8,67.2,Low,Low,No,6.8,59.5,High,No,4.0,57.6
11.6,63.0,Medium,Medium,No,7.9,86.2,High,Yes,1.0,54.1
14.2,70.1,High,High,,7.6,92.5,High,Yes,1.0,62.9
39.7,94.6,Medium,Medium,Yes,8.5,59.7,High,Yes,0.0,69.4
17.0,87.8,Medium,High,Yes,8.9,50.4,High,Yes,0.0,59.4
17.4,69.1,Medium,High,No,5.7,96.4,High,Yes,3.0,76.5
19.1,82.6,High,Medium,No,8.3,61.1,High,Yes,3.0,54.5
22.8,91.6,Medium,Medium,No,5.1,57.8,High,Yes,1.0,62.0
9.0,80.4,Medium,Low,No,6.4,78.3,High,Yes,2.0,53.9
15.2,66.8,Low,Low,Yes,6.4,62.4,High,,2.0,46.0
18.3,84.3,Low,Medium,Yes,9.6,76.2,High,Yes,4.0,67.0
12.5,,Medium,Medium,Yes,6.0,88.1,High,Yes,0.0,61.2
22.9,64.2,Medium,Low,Yes,7.3,51.2,High,Yes,2.0,51.6
15.2,83.9,High,Low,Yes,5.5,96.0,High,Yes,1.0,66.4
18.9,77.9,High,High,Yes,5.9,93.3,High,Yes,1.0,70.5
21.6,69.7,Medium,Low,Yes,7.8,88.4,High,Yes,1.0,65.2
22.2,87.6,High,Medium,Yes,6.9,60.1,High,Yes,4.0,68.9
17.0,94.5,High,High,Yes,6.0,84.6,High,Yes,3.0,80.3
26.0,64.0,High,High,Yes,7.1,75.5,High,Yes,2.0,70.6
32.6,97.1,High,High,No,7.4,61.4,High,Yes,2.0,73.4
13.2,68.0,Medium,Medium,Yes,9.8,50.5,High,Yes,3.0,46.7
25.6,77.3,Medium,High,No,7.8,57.6,High,Yes,0.0,60.0
19.9,71.0,High,High,Yes,7.9,99.6,High,Yes,2.0,69.6
20.8,82.1,Medium,Low,Yes,6.3,70.8,High,Yes,2.0,64.6
23.6,73.7,Medium,Medium,Yes,6.4,91.4,High,Yes,1.0,69.9
11.0,69.2,Medium,Medium,Yes,6.8,64.3,High,No,1.0,51.9
27.7,94.0,Low,Medium,Yes,6.7,95.8,High,Yes,2.0,86.2
23.3,75.3,Medium,Low,Yes,5.8,61.5,High,Yes,0.0,56.9
15.8,74.4,High,High,Yes,5.8,56.1,High,Yes,0.0,52.5
23.2,63.0,Medium,Medium,No,8.3,81.7,High,Yes,3.0,69.3
24.8,97.1,High,Low,No,7.8,91.0,High,Yes,1.0,77.0
29.4,93.1,Low,High,Yes,6.9,87.0,High,Yes,2.0,83.7
22.3,91.8,Medium,Low,Yes,7.4,63.9,High,No,0.0,57.6
16.5,68.5,Medium,Medium,Yes,7.6,90.3,High,Yes,4.0,69.6
16.3,63.6,Medium,Medium,No,5.5,76.6,High,No,0.0,63.3
14.1,86.9,High,High,Yes,8.3,90.6,High,Yes,3.0,67.4
22.9,69.8,High,Medium,Yes,7.8,81.6,High,Yes,0.0,61.9
23.6,91.1,High,Medium,Yes,4.8,90.6,High,Yes,1.0,75.2
20.5,88.8,High,Medium,Yes,8.8,65.8,High,Yes,2.0,57.7
14.2,68.6,Medium,Medium,No,5.9,69.9,High,Yes,4.0,62.9
13.7,65.5,Medium,Medium,Yes,9.8,97.1,High,Yes,1.0,66.0
12.5,83.2,High,High,Yes,7.5,57.8,High,Yes,4.0,63.4
12.4,68.6,Low,Medium,No,6.5,83.6,High,Yes,2.0,55.2
13.3,79.0,Medium,Medium,Yes,5.0,69.3,High,Yes,0.0,58.7
27.4,68.0,Medium,Low,Yes,7.1,70.2,High,Yes,2.0,62.5
28.1,82.6,Low,Medium,No,8.0,85.6,High,Yes,2.0,72.4
23.8,75.9,High,Medium,Yes,9.0,85.8,High,Yes,4.0,74.0
24.8,68.3,Medium,Medium,Yes,6.1,89.6,High,Yes,3.0,73.5
13.5,72.3,Medium,Medium,Yes,6.7,77.9,High,Yes,0.0,57.0
17.1,90.6,Medium,High,Yes,8.5,81.8,High,Yes,0.0,64.1
21.4,88.6,High,Medium,No,6.5,75.8,High,Yes,0.0,71.2
29.6,93.8,Medium,High,Yes,5.5,74.5,High,Yes,0.0,77.3
25.5,75.7,Medium,High,Yes,4.4,53.6,High,Yes,2.0,55.9
24.2,81.6,Medium,Medium,No,6.9,63.2,High,Yes,2.0,57.8
28.1,98.8,High,High,No,4.7,58.3,High,Yes,1.0,65.4
17.9,64.4,High,High,No,8.4,70.0,High,Yes,2.0,56.5
23.4,72.6,Medium,Medium,Yes,6.6,91.4,High,Yes,1.0,71.5
19.9,67.4,Medium,Medium,Yes,6.2,63.1,High,Yes,0.0,50.0
28.4,84.5,High,Medium,Yes,7.3,64.3,High,Yes,1.0,61.2
26.8,93.1,Medium,Low,Yes,6.6,98.9,High,Yes,4.0,95.2
15.1,87.1,High,Medium,No,8.5,74.8,High,Yes,0.0,57.4
18.7,97.7,Medium,High,Yes,7.5,97.3,High,Yes,2.0,76.6
20.8,89.6,High,High,No,7.7,52.9,High,Yes,0.0,55.1
16.5,73.3,Medium,Low,Yes,7.3,92.0,High,Yes,1.0,62.2
12.3,82.2,Low,Medium,No,9.4,99.1,High,Yes,0.0,59.4
15.5,95.1,High,High,Yes,7.3,81.7,High,Yes,4.0,70.1
10.5,67.5,Low,Medium,No,7.4,50.6,High,Yes,2.0,48.6
22.2,62.9,Medium,High,No,8.8,92.6,High,Yes,3.0,68.5
21.8,89.8,,Medium,Yes,8.1,62.3,High,Yes,2.0,64.4
14.1,82.3,Low,High,Yes,8.9,67.8,High,Yes,3.0,62.1
16.1,94.2,High,Medium,Yes,8.5,82.0,High,Yes,3.0,71.1
16.1,,High,High,No,9.3,60.4,High,Yes,1.0,60.9
40.0,90.4,High,Low,No,8.7,75.7,High,Yes,3.0,80.2
24.0,88.4,Medium,Low,Yes,10.0,50.8,High,Yes,2.0,51.4
11.4,82.4,High,High,No,5.4,56.1,High,,0.0,51.5
14.1,74.8,Low,Medium,No,5.4,87.6,High,Yes,2.0,67.7
31.9,88.8,High,High,Yes,8.8,93.6,High,Yes,4.0,80.6
9.5,69.8,High,Medium,No,8.7,86.8,High,Yes,2.0,57.8
30.0,,High,Medium,Yes,9.0,83.8,High,Yes,1.0,70.5
29.2,73.7,High,Low,No,5.9,73.2,High,Yes,1.0,68.5
26.9,92.1,Low,High,No,10.0,54.7,High,Yes,1.0,62.4
22.7,75.6,Medium,High,Yes,8.4,57.4,High,Yes,0.0,61.3
18.5,71.5,High,High,No,7.2,55.5,High,Yes,2.0,49.7
14.9,83.8,High,Medium,Yes,6.5,50.2,High,Yes,1.0,49.5
27.9,87.7,Medium,High,Yes,6.5,96.2,High,Yes,0.0,77.4
21.1,76.0,Medium,Medium,Yes,5.4,59.4,High,Yes,1.0,61.5
11.3,98.6,Medium,Low,Yes,7.7,62.8,High,No,2.0,57.3
17.4,78.9,High,Medium,No,9.3,75.3,High,No,1.0,58.2
22.1,93.5,Low,High,Yes,8.4,53.3,High,Yes,3.0,67.7
29.1,73.8,High,High,Yes,9.9,92.2,High,Yes,0.0,73.9
13.9,94.5,Medium,High,Yes,7.3,58.7,High,Yes,1.0,55.8
24.2,63.0,Low,Medium,No,7.4,70.1,High,Yes,2.0,65.6
18.5,98.6,High,Medium,Yes,7.0,93.3,High,No,1.0,73.0
29.9,76.4,Low,Medium,Yes,6.2,94.7,High,No,3.0,80.3
26.0,99.9,High,High,No,8.3,70.7,High,Yes,2.0,71.2
6.3,94.8,High,Medium,No,7.0,62.0,High,Yes,2.0,56.8
27.0,68.0,Medium,High,Yes,7.8,59.2,High,Yes,1.0,53.3
13.4,77.0,Medium,Medium,,8.4,84.9,High,Yes,0.0,62.4
28.9,66.6,Medium,Low,No,6.3,73.1,High,Yes,3.0,62.8
25.7,90.6,Medium,High,Yes,6.9,84.2,High,Yes,2.0,78.8
25.6,80.9,High,Medium,No,9.5,87.8,High,No,0.0,60.6
16.7,78.5,Medium,Low,Yes,7.2,52.3,High,Yes,1.0,51.9
13.1,91.7,Low,Medium,Yes,6.5,63.9,High,Yes,4.0,62.2
17.4,66.8,Medium,High,Yes,7.6,74.3,High,Yes,1.0,62.9
16.3,79.5,Medium,High,No,9.7,72.1,High,Yes,2.0,60.0
20.4,83.7,Low,High,No,7.9,58.8,High,No,3.0,58.3
17.8,67.9,Medium,Low,Yes,6.3,70.0,High,Yes,2.0,55.5
13.2,62.6,,Medium,No,4.0,84.9,High,Yes,1.0,63.2
11.1,61.5,Medium,High,No,6.8,84.1,High,Yes,4.0,63.0
11.6,75.9,High,Medium,Yes,7.7,93.8,High,Yes,0.0,63.6
29.3,73.3,High,High,Yes,7.6,92.6,High,Yes,1.0,75.2
21.2,70.1,Medium,Low,Yes,6.7,92.1,High,Yes,4.0,64.4
21.9,87.9,High,Medium,Yes,7.5,94.6,High,Yes,0.0,71.7
23.5,70.1,Low,Medium,Yes,5.1,56.4,High,Yes,2.0,62.9
18.8,74.1,Medium,Medium,Yes,7.0,94.0,High,No,0.0,65.0
21.1,79.0,High,Medium,Yes,8.1,80.2,High,Yes,3.0,77.0
27.3,72.7,Low,Low,Yes,7.0,77.7,High,Yes,2.0,68.1
32.8,95.3,Medium,Medium,Yes,6.7,65.4,High,Yes,1.0,70.7
24.3,83.6,Low,High,Yes,9.8,69.3,High,Yes,2.0,69.2
18.7,76.9,Low,Medium,Yes,8.5,61.6,High,Yes,2.0,57.8
25.2,92.8,Medium,Low,Yes,5.8,61.0,High,No,1.0,60.4
24.2,91.1,Medium,Medium,Yes,6.0,81.2,High,Yes,1.0,65.3
25.7,68.5,High,High,Yes,4.1,62.2,High,Yes,1.0,61.5
16.8,79.3,High,High,Yes,9.5,81.5,High,Yes,0.0,63.1
22.5,61.2,Low,Medium,,8.7,87.4,High,Yes,1.0,65.4
31.7,82.2,Low,Low,Yes,7.8,88.2,High,Yes,0.0,72.7
23.2,86.9,High,Medium,No,9.9,93.3,High,Yes,1.0,69.7
18.5,89.4,Medium,Medium,Yes,8.6,67.3,High,Yes,0.0,48.1
30.4,98.3,Low,Medium,Yes,5.9,52.1,High,Yes,1.0,67.2
13.6,63.9,Medium,Medium,Yes,7.4,72.4,High,Yes,0.0,60.3
21.6,90.5,High,Medium,No,8.3,52.9,High,Yes,3.0,57.6
18.7,72.4,High,Medium,No,7.9,58.3,High,Yes,3.0,58.0
29.2,81.0,High,Low,No,7.7,97.2,High,Yes,1.0,86.9
15.1,90.2,Medium,Medium,Yes,5.3,99.9,High,Yes,0.0,76.6
9.5,75.9,High,Low,No,9.3,98.3,High,Yes,4.0,64.2
15.9,84.1,Medium,High,No,6.9,79.5,High,Yes,1.0,62.3
26.5,92.9,Medium,Medium,,6.8,99.5,High,Yes,1.0,87.0
28.7,63.8,Low,Medium,Yes,5.9,88.9,High,Yes,1.0,72.6
21.6,86.4,Medium,Low,Yes,6.0,97.0,High,Yes,1.0,75.3
20.8,78.2,Medium,High,Yes,6.6,95.9,High,Yes,1.0,69.4
25.6,92.0,Medium,Medium,Yes,5.5,51.4,High,Yes,0.0,59.3
8.3,76.6,Low,High,Yes,7.1,65.7,High,Yes,0.0,49.5
22.7,78.9,Medium,Medium,No,5.2,62.0,High,Yes,1.0,56.8
27.9,71.8,High,High,Yes,7.2,74.7,High,Yes,1.0,78.2
23.4,84.0,Medium,High,No,6.9,95.8,High,Yes,2.0,79.3
18.6,63.6,Medium,High,No,7.7,52.2,High,Yes,3.0,55.0
21.1,98.9,Low,Medium,No,8.8,99.6,High,Yes,2.0,73.4
25.3,74.7,Medium,Medium,No,6.0,73.7,High,Yes,1.0,55.9
30.8,94.0,High,Medium,Yes,8.8,51.8,High,Yes,1.0,60.3
22.9,82.4,Medium,Medium,No,8.2,90.1,High,Yes,3.0,70.6
21.0,77.3,Low,High,Yes,6.0,57.8,High,No,4.0,64.9
30.0,79.7,Medium,High,No,6.3,99.1,High,Yes,0.0,75.7
18.0,79.4,High,Low,Yes,5.5,80.2,High,Yes,1.0,59.4
32.8,74.6,Medium,High,Yes,6.0,96.6,High,Yes,1.0,78.0
19.8,66.0,Medium,Low,Yes,8.3,77.6,High,Yes,2.0,67.0
19.4,94.6,Medium,Medium,Yes,6.1,66.7,High,Yes,1.0,67.4
26.9,98.4,Medium,High,No,8.3,77.0,High,Yes,0.0,74.7
14.5,95.6,High,Medium,No,6.0,75.5,High,Yes,1.0,59.3
16.0,84.6,Low,,Yes,7.2,61.4,High,Yes,0.0,53.4
23.5,87.0,Medium,High,No,7.8,54.0,High,Yes,1.0,55.6
5.3,64.9,Medium,High,Yes,6.9,62.4,High,Yes,0.0,51.8
26.9,93.1,High,High,No,8.1,97.0,High,Yes,1.0,81.6
12.6,82.4,Low,Medium,Yes,4.0,82.2,High,Yes,1.0,66.5
16.4,76.7,High,Medium,Yes,5.9,63.8,High,No,1.0,59.0
27.2,99.9,Low,High,No,8.7,66.0,High,Yes,1.0,65.9
18.0,78.3,Low,Medium,No,6.1,98.8,High,Yes,1.0,66.2
15.6,95.9,Medium,Medium,Yes,8.2,67.8,High,Yes,1.0,61.9
28.7,84.6,Low,Medium,No,8.3,69.1,High,Yes,1.0,72.2
17.0,84.1,Medium,Medium,No,8.0,68.2,High,Yes,,67.4
10.9,66.9,Medium,Medium,Yes,6.9,84.5,High,Yes,0.0,53.0
17.2,96.4,High,Medium,Yes,7.5,62.8,High,No,1.0,59.3
14.4,77.4,Medium,Medium,Yes,7.1,86.5,High,Yes,2.0,56.1
12.5,66.9,Medium,Medium,No,8.1,85.5,High,Yes,1.0,53.4
18.7,80.8,Low,Medium,Yes,8.7,98.0,High,No,1.0,69.6
5.5,84.1,Medium,High,Yes,7.2,98.5,High,Yes,1.0,70.3
23.2,65.2,High,High,Yes,8.3,97.8,High,Yes,1.0,71.2
17.6,73.6,Medium,High,Yes,7.0,88.7,High,Yes,3.0,69.4
13.6,81.3,Medium,Medium,Yes,8.8,56.3,High,Yes,1.0,48.5
19.9,62.2,Medium,Medium,No,10.0,61.5,High,Yes,1.0,50.8
34.9,90.6,Medium,High,No,9.2,78.4,High,No,2.0,80.2
23.2,72.4,Medium,Medium,No,7.5,96.3,High,Yes,1.0,70.6
13.9,80.3,Medium,Medium,Yes,7.7,93.8,High,Yes,3.0,71.1
31.1,64.1,Medium,Medium,No,6.2,96.7,High,Yes,1.0,77.5
22.4,75.9,Medium,Medium,Yes,8.2,58.0,High,Yes,0.0,60.1
24.5,83.3,Medium,Medium,No,7.5,87.4,High,Yes,0.0,73.2
24.2,60.5,High,Medium,Yes,7.6,85.3,High,Yes,1.0,64.5
17.1,74.4,Medium,Medium,Yes,7.9,88.9,High,Yes,0.0,61.3
26.3,,Medium,Low,Yes,6.3,69.0,High,Yes,0.0,68.8
21.8,87.1,High,Medium,Yes,7.5,94.5,High,Yes,1.0,74.1
8.3,86.7,Medium,Medium,No,8.2,80.5,High,Yes,4.0,73.6
23.2,99.9,Medium,Low,No,4.7,63.0,High,Yes,2.0,73.1
33.7,60.8,Medium,Medium,Yes,8.6,59.5,High,Yes,0.0,63.4
5.3,94.9,High,Low,Yes,6.5,65.7,High,Yes,3.0,48.1
23.6,90.3,High,Medium,Yes,7.5,77.6,High,Yes,2.0,70.2
24.7,60.4,High,Low,Yes,7.1,95.3,High,Yes,0.0,61.4
21.7,99.4,Medium,Medium,No,8.4,69.7,High,Yes,2.0,69.0
27.0,72.9,Medium,Medium,Yes,10.0,93.5,High,Yes,0.0,73.2
14.1,97.5,Medium,Medium,Yes,7.8,76.0,High,Yes,3.0,72.6
25.1,83.0,Medium,Medium,Yes,7.4,54.5,High,Yes,1.0,60.6
15.9,71.1,High,High,No,7.9,77.4,High,Yes,1.0,60.9
33.9,92.8,,Medium,No,6.1,69.9,High,Yes,0.0,69.0
21.7,60.2,High,Low,No,6.9,54.5,High,Yes,0.0,48.6
22.6,78.3,Low,Medium,Yes,6.4,83.8,High,Yes,0.0,71.8
16.9,72.1,Medium,High,Yes,7.4,96.5,High,Yes,1.0,74.0
23.6,71.9,Medium,High,Yes,9.0,71.3,High,Yes,2.0,70.2
25.2,88.7,Low,Medium,Yes,5.8,88.9,High,Yes,2.0,70.5
17.6,69.0,High,Medium,Yes,8.9,64.7,High,Yes,1.0,54.5
8.1,88.8,Low,Low,No,8.2,77.3,High,Yes,0.0,63.5
20.8,61.6,Medium,Low,Yes,6.2,72.4,High,Yes,0.0,52.1
11.9,99.7,High,Medium,Yes,8.2,88.2,High,Yes,2.0,64.8
21.7,86.3,Low,High,No,4.8,62.0,High,No,0.0,57.5
16.9,72.9,Low,Medium,No,8.7,52.5,High,Yes,2.0,52.6
21.7,76.3,Medium,Medium,Yes,7.4,75.2,High,Yes,0.0,52.3
31.9,88.1,Medium,Medium,Yes,8.9,67.6,High,Yes,3.0,65.9
23.7,70.0,High,High,Yes,6.7,75.9,High,Yes,2.0,69.5
17.7,65.5,Medium,Medium,Yes,7.2,65.9,High,No,1.0,53.7
33.1,71.8,Medium,Medium,No,6.2,97.5,High,Yes,1.0,76.5
5.6,69.5,,Medium,Yes,7.9,57.4,High,Yes,2.0,49.3
20.4,94.8,Medium,Medium,No,7.3,58.3,High,Yes,3.0,63.2
17.7,90.4,Medium,Medium,No,7.3,65.6,High,Yes,3.0,58.8
24.9,66.6,High,Low,No,6.4,76.5,High,Yes,1.0,65.1
22.5,90.6,Low,Low,No,8.5,58.3,High,Yes,0.0,58.8
19.6,80.7,Medium,Low,No,9.1,57.5,High,Yes,1.0,58.3
23.6,85.0,Medium,High,Yes,7.9,95.1,High,Yes,1.0,67.6
29.7,99.5,Medium,Medium,No,7.0,75.1,High,Yes,1.0,72.5
7.4,87.9,High,High,No,5.6,99.3,High,Yes,0.0,64.3
29.5,76.0,Medium,Medium,Yes,8.0,64.6,High,Yes,3.0,67.5
26.1,61.2,High,High,Yes,5.2,58.2,High,Yes,0.0,57.9
13.7,64.0,High,High,Yes,8.0,57.7,High,Yes,0.0,51.9
17.4,84.1,Medium,Low,Yes,8.0,93.6,High,Yes,0.0,61.2
28.7,71.5,High,Low,Yes,7.2,81.5,High,Yes,2.0,69.0
29.5,69.1,Medium,Medium,Yes,8.4,55.7,High,Yes,3.0,55.8
17.4,90.1,High,Low,Yes,7.4,93.4,High,Yes,2.0,78.4
20.3,66.6,,Low,Yes,7.3,56.4,High,Yes,2.0,56.0
22.6,73.7,Low,Medium,Yes,6.8,67.4,High,Yes,0.0,62.2
23.1,63.3,Medium,High,Yes,6.7,79.9,High,Yes,1.0,66.9
14.1,60.1,Medium,High,Yes,,90.1,High,Yes,1.0,62.2
27.8,,High,Low,Yes,5.6,61.5,High,Yes,5.0,63.4
27.9,63.3,High,Low,Yes,5.2,53.4,High,Yes,0.0,57.5
27.1,88.2,,Medium,Yes,9.5,77.3,High,Yes,1.0,68.8
18.3,78.1,High,Medium,No,6.7,51.6,High,Yes,2.0,52.8
19.5,77.6,Low,Low,Yes,7.9,75.0,High,Yes,3.0,63.3
21.7,88.6,High,Low,Yes,6.7,65.4,High,Yes,1.0,57.3
31.6,69.2,Medium,Low,Yes,7.4,64.5,High,Yes,2.0,60.8
16.2,94.5,High,Low,Yes,7.1,81.8,High,Yes,0.0,59.8
17.6,63.6,Low,Medium,No,6.1,97.4,High,Yes,2.0,64.0
26.2,79.4,Medium,Medium,Yes,9.1,96.3,High,Yes,3.0,74.3
30.0,74.2,High,Medium,No,6.4,51.9,High,Yes,2.0,58.1
11.2,68.6,Medium,Medium,No,8.9,78.1,High,No,0.0,59.2
19.5,89.0,Low,Medium,No,5.5,54.5,High,Yes,1.0,54.4
20.9,99.0,Medium,High,Yes,5.7,81.9,High,Yes,0.0,72.4
25.0,79.6,Medium,High,Yes,7.1,60.4,High,Yes,3.0,64.6
20.1,62.3,Medium,Medium,Yes,8.2,73.7,High,Yes,2.0,62.8
21.9,87.1,Medium,Medium,Yes,6.1,87.8,High,Yes,4.0,79.4
17.0,77.5,Low,High,Yes,6.8,93.1,High,Yes,1.0,60.7
19.4,64.2,Medium,Low,Yes,7.8,55.7,High,No,3.0,56.6
10.9,84.6,High,Medium,No,4.9,83.6,High,Yes,1.0,58.1
27.6,64.0,High,Low,Yes,10.0,77.9,High,Yes,3.0,67.8
19.3,74.9,Medium,Low,Yes,6.7,81.1,High,Yes,0.0,55.4
30.9,79.0,Medium,Medium,No,7.4,74.5,High,Yes,2.0,68.3
24.9,62.2,Low,Medium,No,5.5,99.0,High,Yes,8.0,73.1
32.4,74.9,Medium,High,No,6.6,55.0,High,Yes,2.0,70.5
30.5,82.1,Medium,High,Yes,6.1,75.7,High,Yes,0.0,66.1
17.7,76.2,Low,Medium,Yes,7.2,64.3,High,Yes,2.0,59.6
16.1,99.8,Medium,High,No,8.2,61.8,High,Yes,0.0,66.8
29.2,96.0,High,High,Yes,7.1,70.8,High,Yes,0.0,71.4
23.9,80.2,Medium,Medium,Yes,5.4,56.4,High,No,2.0,56.2
11.2,67.0,High,Low,Yes,7.6,64.2,High,Yes,2.0,43.2
27.1,82.4,Medium,Medium,Yes,5.8,84.8,High,Yes,2.0,76.0
20.4,82.9,High,Medium,No,5.6,69.4,High,Yes,2.0,65.8
19.8,77.1,Medium,Medium,No,7.3,62.2,High,Yes,1.0,54.4
19.8,77.9,High,Medium,Yes,7.0,79.6,High,Yes,1.0,67.8
22.0,87.0,Medium,Medium,Yes,7.9,58.5,High,Yes,0.0,56.6
23.3,94.1,High,High,Yes,7.9,84.1,High,Yes,0.0,71.1
20.0,86.0,Medium,Medium,Yes,8.3,84.9,High,Yes,2.0,74.1
21.8,77.0,High,High,Yes,5.3,94.2,High,Yes,0.0,72.1
28.9,72.0,Low,Medium,Yes,6.6,86.3,High,Yes,5.0,79.6
18.8,84.9,High,Low,Yes,6.8,76.5,High,Yes,1.0,65.4
16.2,69.9,Low,High,Yes,8.0,84.9,High,Yes,2.0,66.2
18.0,94.6,Low,Medium,Yes,5.4,73.0,High,Yes,0.0,64.2
19.4,73.9,Medium,Medium,Yes,8.3,88.9,High,Yes,2.0,68.1
18.9,61.0,Medium,Medium,Yes,7.3,73.0,High,Yes,5.0,54.1
23.5,76.5,High,Medium,Yes,8.3,50.5,High,No,0.0,42.8
27.5,80.9,Medium,High,Yes,7.6,67.7,High,Yes,2.0,77.5
13.6,84.3,High,Medium,Yes,7.0,95.9,High,Yes,0.0,73.6
22.7,68.6,High,Medium,No,4.8,93.0,High,Yes,1.0,73.2
24.2,79.7,Medium,Medium,Yes,8.9,93.4,High,Yes,3.0,78.3
25.4,94.5,High,High,Yes,7.7,58.9,High,Yes,1.0,64.0
29.8,62.8,High,Medium,Yes,7.0,77.0,High,Yes,2.0,66.9
17.6,98.1,Medium,Low,No,9.7,54.6,High,Yes,4.0,53.6
26.1,63.6,Low,Medium,No,7.3,98.9,High,Yes,0.0,70.1
15.3,90.4,Medium,High,No,7.5,74.9,High,Yes,0.0,55.9
16.8,66.5,Medium,High,,8.2,71.3,High,Yes,5.0,60.5
13.7,79.3,Low,High,No,7.4,87.5,High,,2.0,67.9
15.6,92.5,High,High,Yes,8.3,96.6,High,Yes,1.0,74.0
11.6,72.3,Medium,Medium,No,8.0,52.9,High,Yes,2.0,48.3
23.5,99.8,Medium,Medium,No,6.8,69.4,High,Yes,2.0,63.7
20.1,85.7,Medium,Medium,Yes,7.1,52.8,High,Yes,1.0,50.1
14.6,85.1,Medium,Low,Yes,6.5,65.7,High,Yes,2.0,56.6
19.3,91.4,Medium,Medium,No,5.7,96.4,High,No,0.0,77.0
12.8,66.0,Low,High,Yes,6.8,75.4,High,Yes,0.0,48.2
16.9,,Medium,High,No,10.0,96.8,High,Yes,1.0,71.7
19.2,75.7,High,High,Yes,5.5,73.2,High,Yes,1.0,72.2
28.5,72.8,Low,Medium,Yes,6.8,95.7,High,Yes,2.0,74.7
21.0,62.9,High,Medium,Yes,8.0,54.5,High,Yes,1.0,57.4
21.2,93.8,High,Low,Yes,9.3,57.8,High,Yes,2.0,63.0
21.4,71.2,Medium,High,Yes,9.0,94.0,High,Yes,2.0,69.7
24.0,79.3,Low,High,No,6.1,78.1,High,Yes,0.0,69.9
22.4,87.7,Low,Medium,No,5.1,68.1,High,Yes,3.0,68.3
19.3,64.8,Low,Medium,No,4.8,65.1,High,Yes,1.0,62.5
11.2,97.0,High,High,Yes,7.8,79.5,High,Yes,2.0,63.8
32.3,82.8,Medium,Medium,Yes,8.9,53.4,High,Yes,1.0,60.4
21.6,73.7,High,High,Yes,8.2,50.5,High,Yes,1.0,53.8
19.1,91.6,Medium,Low,Yes,9.3,96.6,High,No,0.0,61.9
14.0,92.0,Medium,Medium,Yes,8.8,50.1,High,Yes,3.0,57.6
24.2,95.3,Medium,Low,Yes,5.3,92.5,High,Yes,1.0,72.8
13.4,69.6,Medium,Medium,Yes,5.5,52.3,High,Yes,0.0,48.6
26.4,94.6,High,High,Yes,4.0,86.8,High,Yes,1.0,70.0
23.7,73.8,Low,Low,Yes,8.1,60.9,High,Yes,1.0,62.3
17.3,60.9,Medium,Low,Yes,7.2,58.0,High,Yes,1.0,40.3
26.3,69.9,Medium,High,Yes,7.1,65.1,High,Yes,0.0,64.2
18.9,87.6,High,High,No,6.1,61.1,High,Yes,2.0,65.6
16.4,85.8,Medium,Medium,Yes,6.2,83.2,High,Yes,4.0,75.7
21.6,66.5,Medium,Medium,Yes,7.3,84.2,High,Yes,0.0,63.5
23.3,71.5,Medium,Medium,Yes,8.1,50.4,High,Yes,5.0,61.8
20.4,75.0,Medium,High,No,5.6,76.9,High,Yes,3.0,69.5
21.3,74.4,Medium,Medium,Yes,7.3,97.8,High,Yes,2.0,74.7
,92.2,Medium,Low,Yes,7.6,50.2,High,Yes,2.0,55.0
21.9,79.2,Low,Medium,No,7.0,70.7,High,Yes,1.0,69.1
17.9,62.5,Medium,Medium,Yes,7.8,58.6,High,Yes,4.0,48.1
27.0,76.0,Medium,High,No,9.0,97.2,High,No,0.0,78.9
24.2,95.8,Medium,Low,Yes,7.8,53.2,High,Yes,1.0,58.0
25.7,72.2,Medium,High,No,8.6,94.5,High,Yes,1.0,65.6
11.9,75.2,High,High,Yes,7.0,73.1,High,Yes,1.0,55.3
23.6,77.7,Medium,,Yes,7.1,91.1,High,No,2.0,80.0
22.3,84.7,High,Medium,No,4.7,97.0,High,Yes,2.0,68.7
17.2,80.3,Medium,Medium,Yes,8.2,66.9,High,Yes,1.0,61.1
20.6,73.8,High,Medium,Yes,5.7,92.3,High,Yes,1.0,73.2
31.5,96.1,Low,High,No,9.6,51.4,High,No,1.0,62.3
15.1,85.4,Medium,Low,No,6.8,50.8,High,No,5.0,50.0
12.0,78.1,Medium,High,No,8.9,92.3,High,Yes,3.0,68.3
18.7,80.8,High,High,No,9.1,73.8,High,Yes,1.0,66.8
23.0,67.9,High,High,Yes,5.5,94.1,High,Yes,2.0,75.1
20.5,62.9,High,High,Yes,6.9,82.0,High,Yes,1.0,56.8
19.0,62.7,High,,Yes,6.5,52.8,High,No,4.0,51.4
21.2,70.6,High,High,Yes,8.1,87.3,High,Yes,1.0,68.0
21.7,80.5,Medium,High,Yes,7.3,59.4,High,Yes,4.0,64.5
28.3,60.7,Medium,High,Yes,6.1,89.5,High,Yes,2.0,80.2
20.6,99.9,Medium,Medium,Yes,8.4,98.1,High,No,0.0,74.3
23.4,98.5,Low,Low,Yes,4.8,78.5,High,Yes,0.0,59.1
27.3,90.9,Medium,Medium,Yes,7.4,96.9,High,Yes,3.0,81.5
27.4,64.0,Medium,Low,Yes,7.4,73.1,High,No,4.0,60.3
14.1,73.4,Medium,Medium,No,6.4,91.2,High,Yes,2.0,60.9
21.7,99.7,Low,Medium,Yes,6.3,64.7,High,Yes,2.0,64.2
19.4,99.3,Medium,Medium,No,8.8,76.0,High,No,0.0,66.3
11.2,78.1,Medium,Medium,No,7.7,73.8,High,Yes,1.0,59.1
22.3,79.4,Medium,Medium,Yes,8.1,68.6,High,Yes,0.0,69.8
11.4,81.4,Medium,Medium,Yes,7.2,74.6,High,Yes,2.0,56.8
17.0,99.2,Medium,High,Yes,5.3,91.9,High,Yes,1.0,74.7
7.2,79.1,Low,Low,Yes,6.8,52.1,High,Yes,0.0,40.0
33.3,62.4,High,,No,6.7,78.6,High,Yes,3.0,72.6
19.1,79.0,High,Low,Yes,8.1,86.5,High,No,2.0,63.2
33.4,64.4,Medium,Medium,Yes,8.6,82.1,High,Yes,3.0,82.4
22.0,82.2,Medium,Medium,Yes,6.9,92.5,High,Yes,1.0,73.9
15.0,85.4,Medium,Medium,No,7.5,57.6,High,Yes,1.0,48.9
28.0,68.6,Medium,Medium,No,8.2,53.9,High,No,2.0,56.0
22.9,66.9,High,High,Yes,7.3,82.6,High,Yes,2.0,65.5
16.5,65.6,High,Medium,Yes,9.2,87.7,High,Yes,3.0,71.6
27.0,78.2,Medium,Medium,No,6.4,71.9,High,Yes,2.0,70.1
31.1,84.3,Low,Medium,Yes,6.8,59.3,High,No,0.0,60.5
27.6,63.0,High,Medium,Yes,10.0,63.7,High,Yes,4.0,67.8
12.2,80.3,High,Medium,Yes,9.4,81.6,High,Yes,3.0,65.2
25.0,93.4,Medium,Medium,Yes,8.3,58.1,High,Yes,0.0,59.1
21.9,65.8,Medium,Low,No,4.6,53.7,High,No,2.0,44.5
18.2,97.1,Low,Medium,No,8.1,76.6,High,Yes,2.0,73.9
19.1,93.7,High,Medium,Yes,8.2,95.2,High,Yes,2.0,70.4
31.3,91.1,Medium,Medium,Yes,6.9,71.8,High,Yes,2.0,66.1
27.5,67.0,Medium,High,Yes,8.2,51.2,High,Yes,2.0,52.5
20.8,98.6,Medium,Low,Yes,8.3,77.6,High,Yes,1.0,63.0
30.4,73.4,Medium,Medium,No,7.6,89.6,High,Yes,1.0,76.2
20.4,80.8,Medium,Medium,Yes,8.3,98.0,High,Yes,1.0,72.0
23.7,87.6,Medium,Medium,Yes,5.0,55.1,High,Yes,4.0,56.9
30.1,91.2,Medium,Medium,No,6.5,96.7,High,Yes,0.0,74.8
29.9,85.9,High,High,No,6.1,74.8,High,Yes,3.0,72.4
24.0,64.3,Medium,Low,Yes,6.2,59.2,High,Yes,3.0,61.3
7.8,96.2,Low,Medium,No,8.9,63.5,High,Yes,3.0,57.5
23.3,62.1,High,High,Yes,8.1,82.7,High,Yes,2.0,66.3
25.7,91.7,High,High,Yes,7.1,86.0,High,Yes,3.0,80.7
19.9,82.3,Low,Medium,No,6.9,62.2,High,Yes,2.0,54.8
11.4,85.3,Low,Low,Yes,6.2,71.9,High,No,3.0,53.8
22.5,72.1,Medium,Medium,Yes,7.1,79.5,High,No,0.0,62.2
21.4,90.5,High,Medium,Yes,4.5,83.8,High,Yes,2.0,74.8
20.0,70.6,Low,High,Yes,4.3,67.7,High,Yes,1.0,55.2
16.6,,High,Medium,Yes,8.2,87.5,High,Yes,1.0,63.7
15.9,69.1,High,Medium,No,8.1,86.3,High,Yes,2.0,66.7
16.6,77.8,High,High,Yes,7.7,76.4,High,Yes,5.0,67.4
24.2,84.6,High,Medium,Yes,7.4,58.2,High,Yes,0.0,55.1
20.3,97.6,,High,Yes,7.2,83.3,High,Yes,4.0,81.9
12.7,94.4,Low,Medium,No,5.3,88.1,High,Yes,1.0,73.5
23.1,67.8,High,Medium,No,8.8,96.2,High,Yes,0.0,65.4
27.8,63.5,Medium,High,No,6.4,99.6,High,Yes,0.0,75.2
19.4,78.2,High,High,Yes,6.3,62.2,High,Yes,3.0,63.9
21.7,98.1,Medium,Low,No,8.4,91.9,High,Yes,3.0,72.0
18.9,87.4,Low,Low,Yes,8.2,70.5,High,No,0.0,56.9
20.8,88.7,Medium,High,Yes,5.6,70.9,High,Yes,0.0,69.2
28.7,88.3,Medium,High,Yes,7.4,65.5,High,Yes,2.0,68.2
24.3,88.5,High,Medium,No,4.5,92.5,High,Yes,0.0,65.0
13.8,66.6,Medium,Medium,Yes,6.6,56.7,High,No,2.0,47.2
28.6,73.4,Medium,Medium,No,4.7,64.1,High,Yes,2.0,61.1
31.3,77.7,Low,Low,No,6.9,81.7,High,Yes,4.0,68.0
35.9,65.4,Low,Medium,No,8.5,55.0,High,Yes,1.0,63.3
14.6,88.7,Medium,High,Yes,6.7,53.9,High,Yes,1.0,53.6
24.0,79.3,Low,Low,Yes,6.5,99.5,High,Yes,1.0,70.7
15.7,92.7,High,High,No,7.3,95.6,High,Yes,1.0,69.7
21.8,73.2,Medium,Medium,No,5.9,96.7,High,Yes,1.0,72.4
11.1,86.7,High,High,Yes,6.5,82.9,High,Yes,1.0,58.6
17.0,84.3,High,High,Yes,7.4,96.4,High,Yes,0.0,71.2
26.8,71.6,Low,Medium,Yes,7.4,74.1,High,Yes,2.0,62.7
21.5,83.6,Medium,High,No,8.4,62.6,High,Yes,1.0,58.5
16.6,60.8,Low,Medium,Yes,6.8,89.6,High,No,2.0,66.4
24.3,85.6,Medium,Medium,Yes,4.6,67.1,High,Yes,1.0,65.8
18.7,78.2,Medium,High,No,6.9,97.9,High,Yes,4.0,75.3
23.4,81.2,Medium,Low,Yes,7.1,85.0,High,Yes,1.0,65.1
20.2,97.3,Medium,Medium,Yes,7.6,92.9,High,Yes,0.0,68.2
18.9,74.9,Medium,Medium,Yes,6.9,92.0,High,Yes,1.0,71.4
21.9,71.8,Medium,High,No,8.4,72.8,High,Yes,1.0,61.9
18.4,75.9,High,Medium,No,7.5,77.7,High,Yes,2.0,63.9
19.2,61.1,Low,Medium,Yes,9.1,87.7,High,Yes,0.0,52.0
22.5,75.8,High,Medium,Yes,9.1,68.0,High,Yes,0.0,56.7
17.8,73.2,Medium,Low,No,8.1,96.6,High,Yes,1.0,75.7
15.2,91.7,Medium,Low,Yes,7.0,99.4,High,Yes,3.0,70.3
13.2,98.9,Medium,Low,Yes,9.3,66.3,High,Yes,3.0,63.8
32.8,94.4,High,Low,No,6.7,99.1,High,No,2.0,83.5
7.0,83.7,Medium,Medium,Yes,7.2,76.5,High,Yes,2.0,52.6
23.8,62.0,Medium,Medium,Yes,7.5,91.1,High,Yes,3.0,69.2
16.6,71.0,Medium,Low,Yes,5.6,94.2,High,Yes,0.0,57.2
14.1,77.8,Low,Medium,No,7.5,74.3,High,No,1.0,62.3
19.5,62.2,Low,Medium,Yes,5.7,83.1,High,Yes,1.0,63.4
12.1,99.2,High,Low,Yes,9.0,67.7,High,Yes,1.0,56.5
20.1,95.8,Medium,Medium,Yes,5.3,51.5,High,No,1.0,50.7
25.6,90.7,Medium,Medium,Yes,8.5,75.1,High,Yes,0.0,67.4
23.6,81.0,High,Medium,No,9.2,77.8,High,Yes,1.0,64.8
17.2,61.5,High,Medium,No,5.7,97.1,High,Yes,4.0,63.3
26.7,62.0,Medium,High,Yes,4.8,52.6,High,Yes,0.0,57.3
22.2,71.2,Medium,High,Yes,8.5,57.4,High,Yes,2.0,61.7
18.5,90.0,High,High,No,7.5,72.1,High,Yes,2.0,65.7
9.1,78.1,High,Medium,No,5.0,62.4,High,Yes,5.0,51.3
15.1,65.7,Medium,Medium,Yes,7.5,91.1,High,Yes,4.0,62.8
24.5,61.7,Medium,Low,Yes,4.0,99.3,High,Yes,0.0,64.2
32.8,75.8,High,Low,No,7.2,54.1,High,Yes,2.0,60.0
30.3,86.0,High,High,Yes,6.9,76.4,High,Yes,0.0,67.2
19.9,82.5,Medium,High,Yes,7.7,69.4,High,Yes,5.0,69.8
17.7,83.0,Medium,Medium,No,6.5,64.5,High,,0.0,48.6
24.0,88.7,Low,Medium,No,6.1,94.8,High,Yes,3.0,77.8
9.9,93.5,Low,Medium,Yes,6.8,75.5,High,Yes,1.0,61.3
15.6,98.3,High,High,No,7.7,73.8,High,Yes,1.0,65.6
27.9,88.5,Medium,High,Yes,8.9,85.2,High,Yes,2.0,82.2
23.9,84.8,Medium,High,Yes,7.0,76.3,High,Yes,1.0,70.8
16.9,75.6,Low,High,Yes,7.2,88.4,High,Yes,3.0,64.0
33.6,61.6,Low,Medium,Yes,6.0,58.0,High,Yes,2.0,55.4
21.9,93.6,Medium,Low,No,9.5,60.7,High,No,1.0,49.8
20.1,84.6,Medium,Medium,No,6.9,68.2,High,Yes,0.0,59.3
27.7,91.4,High,Medium,Yes,8.4,60.6,High,Yes,3.0,66.2
20.5,63.0,Medium,Medium,No,7.3,92.0,High,Yes,2.0,62.7
17.8,67.0,Low,Medium,No,8.1,50.5,High,Yes,1.0,54.1
17.0,83.6,Medium,Medium,Yes,5.6,58.4,High,Yes,3.0,65.0
19.5,70.8,,Medium,No,7.1,77.8,High,Yes,1.0,61.2
18.7,84.2,High,Medium,No,8.2,94.1,High,Yes,4.0,75.7
15.4,83.7,High,High,Yes,4.1,83.4,High,Yes,2.0,67.9
17.7,86.5,Medium,Medium,No,8.4,96.8,High,Yes,4.0,76.6
26.0,69.0,Medium,Medium,Yes,8.7,86.9,High,Yes,3.0,61.8
17.1,81.3,Low,High,No,6.7,59.1,High,Yes,0.0,65.8
7.5,99.3,Medium,Medium,No,8.7,57.6,High,Yes,0.0,49.0
27.4,62.7,Medium,High,Yes,5.1,99.7,High,Yes,1.0,72.7
14.9,61.4,High,Low,Yes,5.7,61.7,High,Yes,4.0,58.5
14.7,68.8,Medium,Medium,Yes,8.2,82.8,High,Yes,1.0,63.1
18.3,85.2,High,Medium,Yes,4.9,98.3,High,Yes,2.0,72.6
29.4,77.7,Medium,Medium,No,8.8,96.5,High,Yes,2.0,76.2
19.5,61.1,High,High,No,8.4,63.2,High,Yes,1.0,56.7
20.7,75.0,Medium,High,Yes,7.0,54.7,High,Yes,3.0,66.7
21.8,78.2,Medium,High,Yes,7.5,77.7,High,Yes,1.0,71.9
14.0,84.9,Low,High,Yes,6.7,99.6,High,No,3.0,78.2
27.2,75.7,High,Low,Yes,7.6,50.8,High,Yes,0.0,55.6
17.5,98.2,High,High,No,7.2,96.0,High,No,3.0,80.4
13.4,60.9,High,High,Yes,8.6,83.6,High,Yes,2.0,57.3
30.0,90.0,Medium,High,No,5.7,52.9,High,Yes,2.0,64.4
19.6,99.4,Low,Medium,Yes,4.7,69.6,High,Yes,3.0,65.5
13.0,99.2,Medium,High,No,5.0,66.5,High,Yes,1.0,62.5
19.1,72.0,Medium,Medium,No,6.9,98.0,High,Yes,4.0,75.5
16.0,73.4,Low,Medium,No,8.1,64.0,High,Yes,1.0,51.2
14.4,66.9,Low,Medium,No,8.0,55.8,High,No,3.0,52.9
30.0,81.5,Medium,Medium,Yes,6.1,59.9,High,Yes,1.0,59.8
22.3,67.5,Medium,Medium,No,8.1,96.7,High,Yes,3.0,68.2
21.8,84.6,Low,Medium,No,8.0,66.0,High,Yes,1.0,60.0
19.9,66.7,High,Low,Yes,6.9,,High,Yes,1.0,65.4
21.2,63.2,High,Low,Yes,6.9,66.1,High,Yes,0.0,49.9
21.8,84.3,Medium,High,No,5.3,69.8,High,Yes,0.0,63.3
8.6,60.6,Low,Low,Yes,5.3,63.5,High,Yes,4.0,45.2
25.3,78.8,High,High,No,6.8,87.6,High,Yes,0.0,69.8
11.2,94.6,Low,High,No,6.6,73.5,High,Yes,2.0,63.3
17.3,95.6,Low,High,No,8.0,63.5,High,Yes,0.0,57.0
28.4,60.0,High,Low,Yes,7.1,88.5,High,Yes,1.0,69.9
25.1,95.0,,Medium,Yes,6.5,78.4,High,Yes,1.0,74.6
25.7,71.0,High,Medium,No,8.3,78.5,High,Yes,0.0,58.4
23.5,87.4,Low,Low,No,7.3,66.5,High,Yes,3.0,60.8
17.7,83.2,High,Medium,Yes,5.7,85.8,High,Yes,1.0,63.0
30.3,73.2,High,Low,No,4.7,57.2,High,Yes,2.0,58.0
25.1,95.2,Low,Medium,Yes,8.1,74.8,High,Yes,1.0,72.0
19.7,69.6,Low,Low,Yes,9.1,88.7,High,Yes,2.0,66.2
29.5,78.9,High,Medium,Yes,7.3,,High,Yes,1.0,74.5
25.3,,High,Medium,Yes,7.7,90.9,High,Yes,,69.5
17.4,76.9,Medium,High,Yes,5.3,82.7,High,Yes,1.0,67.1
30.8,84.9,Medium,Low,Yes,7.6,67.5,High,No,1.0,66.7
14.3,63.1,Medium,Medium,Yes,7.6,96.3,High,Yes,3.0,67.5
14.8,60.6,High,Low,Yes,5.6,77.6,High,Yes,1.0,52.7
27.4,99.2,Medium,High,Yes,8.5,53.8,High,Yes,3.0,67.9
18.8,70.0,Medium,Low,Yes,8.0,86.3,High,Yes,2.0,65.2
19.7,74.8,High,High,Yes,10.0,58.0,High,Yes,2.0,57.7
16.8,74.4,Medium,Medium,Yes,5.7,67.2,High,Yes,1.0,60.7
19.2,75.0,Medium,Medium,Yes,6.9,78.8,High,Yes,3.0,71.9
12.8,79.5,Medium,Medium,Yes,7.9,71.4,High,Yes,2.0,53.5
24.7,81.5,Medium,Low,Yes,8.7,63.3,High,Yes,2.0,63.4
19.3,64.2,Medium,High,Yes,5.9,68.5,High,Yes,1.0,59.1
24.0,95.1,Low,Medium,No,6.2,73.8,High,Yes,1.0,70.4
18.6,68.0,Medium,Medium,No,7.0,78.5,High,Yes,1.0,61.7
10.9,95.8,High,Medium,No,5.9,82.2,High,Yes,3.0,64.2
12.8,71.6,Low,Medium,Yes,7.6,97.2,High,Yes,0.0,67.3
26.8,68.4,Medium,Medium,Yes,6.2,56.3,High,Yes,1.0,58.7
17.4,72.9,High,Medium,Yes,7.3,89.5,High,Yes,0.0,60.8
23.6,97.2,Medium,Medium,No,7.1,98.5,High,Yes,0.0,75.5
21.4,88.7,Medium,High,Yes,7.6,91.5,High,Yes,1.0,74.4
25.2,82.3,Medium,Medium,No,5.8,88.7,High,Yes,2.0,73.9
18.9,74.6,High,Medium,Yes,6.9,75.6,High,Yes,2.0,61.3
18.8,94.2,High,Medium,Yes,6.0,86.4,High,Yes,2.0,66.5
15.0,81.3,High,Medium,No,5.5,67.9,High,Yes,4.0,62.4
19.0,62.2,Medium,Medium,No,6.8,63.2,High,No,1.0,58.9
13.8,62.7,Medium,Low,Yes,10.0,71.4,High,Yes,1.0,54.4
11.1,78.0,Medium,Medium,Yes,9.1,83.3,High,Yes,1.0,58.4
20.9,73.8,Medium,High,No,8.9,72.5,High,Yes,1.0,66.9
26.4,70.3,High,Medium,Yes,7.7,53.9,High,Yes,2.0,63.4
30.2,97.9,Medium,Medium,Yes,5.5,91.6,High,Yes,2.0,78.1
31.9,85.2,Low,Medium,No,7.7,71.1,High,Yes,2.0,71.3
22.0,83.3,Medium,Medium,Yes,8.5,93.4,High,Yes,0.0,75.7
19.1,70.3,High,Low,No,6.1,58.0,High,Yes,1.0,51.0
20.1,68.1,High,Medium,Yes,9.9,56.2,High,Yes,1.0,53.7
27.7,68.2,Medium,Medium,Yes,7.2,65.6,High,,1.0,60.0
11.5,85.3,Medium,Low,No,7.0,56.4,High,Yes,2.0,54.1
24.9,98.4,High,Medium,No,7.1,53.2,High,Yes,1.0,64.9
29.6,72.4,High,Medium,Yes,8.7,71.3,High,Yes,2.0,68.5
25.1,67.2,High,Medium,Yes,8.7,80.8,High,Yes,0.0,59.9
24.0,64.2,Medium,Low,Yes,5.5,54.8,High,Yes,1.0,54.9
20.7,98.2,Medium,Medium,Yes,7.4,56.9,High,Yes,2.0,60.8
24.1,77.3,High,High,Yes,9.4,60.6,High,Yes,0.0,62.8
35.2,85.2,High,High,No,5.8,96.0,High,Yes,0.0,81.6
9.2,90.9,Medium,Medium,Yes,9.3,56.4,High,Yes,1.0,47.3
18.5,93.4,High,High,Yes,8.1,87.1,High,Yes,0.0,72.5
26.9,98.2,Low,Medium,No,9.2,64.9,High,Yes,2.0,69.6
39.0,86.0,Low,Medium,Yes,7.9,73.2,High,Yes,1.0,70.6
21.3,69.6,High,Medium,No,6.3,70.1,High,,4.0,72.2
16.7,79.8,Medium,Medium,No,7.2,84.5,High,No,2.0,63.9
16.7,,High,Medium,No,6.7,52.3,High,Yes,3.0,47.7
22.3,88.5,Medium,High,Yes,7.2,81.3,High,Yes,2.0,71.9
21.1,71.0,High,High,Yes,5.4,99.8,High,Yes,5.0,71.3
17.7,75.4,Medium,Medium,Yes,8.0,62.8,High,Yes,1.0,53.3
17.9,72.2,Medium,High,No,6.5,59.1,High,Yes,2.0,58.4
24.0,69.8,Low,Medium,Yes,6.4,81.3,High,Yes,0.0,69.7
29.9,67.5,Medium,Medium,Yes,4.8,64.1,High,Yes,3.0,68.3
22.4,84.2,High,Low,No,5.7,85.3,High,Yes,3.0,64.7
20.7,71.4,Medium,High,Yes,9.7,79.8,High,Yes,1.0,60.9
21.4,61.5,High,Medium,No,,96.0,High,Yes,2.0,70.4
18.0,79.3,High,High,No,7.7,67.3,High,Yes,1.0,58.8
27.9,89.6,High,Medium,Yes,8.7,98.5,High,Yes,3.0,85.8
22.2,62.3,Medium,Medium,No,7.0,57.1,High,Yes,1.0,54.8
17.2,76.3,Medium,High,No,4.9,54.4,High,Yes,2.0,54.7
23.6,81.4,High,Low,No,9.0,50.9,High,Yes,2.0,58.5
15.6,65.4,High,Low,No,6.5,93.3,High,Yes,2.0,67.5
16.6,88.2,High,Medium,Yes,7.6,99.2,High,Yes,2.0,73.8
24.7,81.8,Medium,High,Yes,8.9,64.8,High,Yes,2.0,65.8
16.4,92.2,Low,High,Yes,5.5,61.6,High,Yes,3.0,68.1
15.5,78.9,Medium,High,No,10.0,59.7,High,Yes,3.0,54.4
17.8,66.6,Medium,Medium,Yes,7.5,88.9,High,Yes,0.0,60.3
26.3,76.8,Low,Medium,Yes,9.4,93.4,High,Yes,3.0,78.0
16.1,99.8,Medium,Medium,Yes,8.6,83.4,High,Yes,0.0,72.0
21.6,70.8,Medium,Medium,No,6.8,86.8,High,No,1.0,66.2
20.7,95.3,High,Low,Yes,6.6,71.3,High,Yes,1.0,65.9
23.1,84.5,Low,High,Yes,5.2,74.6,High,Yes,2.0,73.3
29.2,84.0,Medium,High,No,9.4,58.9,High,Yes,2.0,62.2
17.0,83.5,Low,High,Yes,7.5,50.3,High,Yes,1.0,47.5
12.5,91.6,Medium,High,No,7.1,88.7,High,Yes,4.0,73.1
22.9,95.8,Low,High,Yes,7.4,93.6,High,Yes,1.0,76.6
24.6,69.2,Low,Medium,No,8.1,59.4,High,Yes,1.0,52.9
21.8,69.2,Low,Medium,No,7.9,62.6,High,Yes,0.0,58.0
20.7,98.5,Low,Medium,Yes,7.7,98.3,High,Yes,0.0,70.6
24.6,96.1,High,Low,Yes,6.0,67.9,High,Yes,2.0,70.4
7.3,93.1,High,Medium,No,8.1,51.0,High,Yes,2.0,52.2
24.8,91.8,Low,Low,Yes,8.8,85.6,High,Yes,2.0,71.2
21.7,71.5,High,Medium,Yes,8.5,81.3,High,Yes,1.0,71.1
22.5,82.6,Medium,Medium,Yes,7.3,99.1,High,Yes,2.0,81.4
20.7,83.9,Medium,High,Yes,6.6,77.1,High,Yes,2.0,72.3
36.3,76.4,Medium,Medium,No,4.3,82.1,High,Yes,0.0,67.5
30.5,88.4,High,Low,Yes,7.1,95.3,High,Yes,2.0,79.5
30.9,86.9,Low,Medium,Yes,6.3,81.6,High,Yes,0.0,72.2
18.9,82.3,Low,Medium,Yes,7.7,64.7,High,Yes,1.0,56.2
26.4,77.1,High,Medium,Yes,6.4,82.7,High,Yes,2.0,72.4
27.6,71.6,Low,Low,No,8.2,85.4,High,Yes,2.0,71.4
16.6,93.9,Low,Medium,No,7.0,50.0,High,Yes,1.0,48.7
18.0,81.3,Low,Medium,No,6.2,81.2,High,Yes,0.0,59.3
23.7,66.9,Medium,Medium,Yes,6.1,63.1,High,Yes,0.0,56.4
14.0,63.9,Low,Medium,Yes,7.6,51.6,High,Yes,2.0,45.4
12.1,74.5,Low,Low,No,10.0,93.9,High,Yes,1.0,59.8
20.6,89.7,Medium,Medium,No,8.0,70.8,High,Yes,1.0,70.4
5.2,96.7,High,High,No,8.4,84.3,High,Yes,0.0,57.3
25.6,79.2,Medium,Medium,No,5.1,51.8,High,Yes,3.0,60.7
25.6,69.7,Medium,High,No,5.5,63.5,High,Yes,2.0,58.1
17.9,85.9,Low,Medium,No,4.6,81.3,High,Yes,1.0,68.6
28.9,88.5,Medium,Medium,Yes,6.3,76.7,High,Yes,1.0,70.2
22.3,78.7,Low,Low,Yes,8.8,97.2,High,No,3.0,71.0
30.1,99.5,Low,Low,No,7.8,52.1,High,Yes,3.0,72.6
20.4,66.4,Low,,Yes,7.5,54.4,High,Yes,1.0,57.1
22.1,89.6,Medium,Low,Yes,6.9,78.3,High,Yes,2.0,69.0
14.5,88.6,Low,Low,Yes,5.5,88.7,High,Yes,2.0,66.5
16.2,91.5,Medium,High,Yes,7.1,60.4,High,Yes,0.0,56.5
30.5,68.2,High,Medium,No,6.8,86.6,High,Yes,2.0,72.8
12.6,65.0,Medium,Low,No,7.4,85.9,High,No,1.0,61.0
19.7,84.7,High,Medium,Yes,5.2,68.3,High,No,0.0,57.1
27.9,78.7,Low,Medium,No,6.0,65.5,High,Yes,2.0,64.2
25.6,61.8,High,Medium,Yes,7.3,59.7,High,Yes,5.0,57.3
21.5,89.9,Medium,Low,No,7.0,90.7,High,Yes,2.0,62.6
15.8,75.9,High,High,Yes,9.3,95.2,High,Yes,0.0,65.9
24.4,91.9,Low,Medium,Yes,5.4,88.2,High,Yes,1.0,72.6
24.2,79.8,,Medium,Yes,7.7,90.0,High,Yes,3.0,73.8
17.5,71.8,High,Medium,No,6.3,60.3,High,Yes,0.0,58.4
21.5,92.0,High,High,No,5.6,89.1,High,Yes,1.0,81.0
38.0,82.1,Medium,Medium,Yes,6.9,83.8,High,No,1.0,76.6
17.8,60.9,High,Medium,No,5.7,69.7,High,Yes,1.0,53.3
18.4,78.7,Low,High,Yes,5.6,90.8,High,Yes,4.0,69.7
9.7,93.1,Medium,Medium,No,8.8,68.8,High,Yes,2.0,59.6
24.4,81.8,Medium,High,No,9.8,68.3,High,Yes,0.0,63.8
20.5,70.9,Medium,High,Yes,5.8,67.3,High,Yes,1.0,56.0
20.2,89.9,High,High,No,5.8,80.7,High,Yes,0.0,64.9
29.3,72.5,Medium,High,No,10.0,59.4,High,Yes,2.0,62.8
21.2,84.2,Medium,High,Yes,7.9,91.0,High,Yes,2.0,72.3
25.4,68.6,Medium,Medium,No,5.9,89.1,High,Yes,2.0,66.4
9.5,89.3,Low,Low,Yes,8.5,67.9,High,Yes,1.0,56.0
16.9,66.8,High,Low,No,9.2,88.3,High,Yes,1.0,65.0
13.5,60.4,Low,Medium,Yes,7.2,65.3,High,Yes,1.0,47.5
21.6,74.9,Medium,Medium,Yes,5.1,80.6,High,Yes,2.0,67.4
27.4,85.1,Medium,High,No,6.6,86.2,High,Yes,3.0,68.0
22.6,68.9,Medium,Medium,Yes,6.6,87.6,High,Yes,1.0,70.2
23.1,61.7,Medium,High,No,5.6,85.7,High,Yes,2.0,70.5
10.8,64.2,High,Medium,Yes,5.8,54.1,High,Yes,3.0,48.9
20.7,86.4,Medium,High,Yes,7.7,60.0,High,No,1.0,66.6
23.1,72.7,Medium,Low,No,6.4,97.9,High,Yes,1.0,65.0
23.7,78.6,High,Medium,Yes,7.1,97.0,High,Yes,0.0,71.5
17.1,84.4,High,Low,Yes,6.5,99.8,High,Yes,0.0,61.5
25.2,88.1,Low,Low,No,6.6,84.9,High,Yes,1.0,71.6
16.9,97.1,Medium,Medium,No,6.0,75.8,High,Yes,0.0,57.6
18.9,,Medium,Medium,Yes,9.2,69.4,High,Yes,3.0,70.1
17.1,86.8,Low,Medium,No,5.7,70.3,High,Yes,2.0,58.8
23.5,78.9,High,Low,No,8.0,50.5,High,Yes,1.0,49.3
22.0,93.9,Medium,Medium,No,9.3,,High,Yes,1.0,71.4
15.5,63.6,High,Low,No,7.6,61.2,High,Yes,1.0,51.4
17.2,94.4,High,Medium,No,8.7,78.1,High,Yes,1.0,64.3
26.7,68.8,Low,Medium,No,7.2,57.9,High,Yes,2.0,63.0
20.2,99.7,Low,Low,Yes,7.5,50.7,High,No,1.0,56.0
27.9,87.4,High,Low,No,6.5,,High,Yes,3.0,75.1
23.8,74.3,Low,High,Yes,7.0,56.8,High,Yes,0.0,55.5
20.2,94.4,High,Low,Yes,8.2,96.6,High,Yes,2.0,75.1
22.5,70.4,High,Medium,No,6.8,59.6,High,Yes,0.0,52.3
19.9,61.1,Medium,,No,8.4,79.5,High,Yes,3.0,61.7
15.5,70.2,High,Medium,No,5.2,70.6,High,Yes,3.0,64.8
26.3,68.7,Medium,Medium,No,7.5,58.9,High,Yes,1.0,56.5
17.0,90.7,Low,Low,Yes,8.5,86.7,High,Yes,1.0,66.8
20.7,68.6,High,Medium,Yes,7.8,68.6,High,Yes,2.0,57.8
30.3,75.0,Medium,Medium,No,6.3,93.3,High,Yes,1.0,72.8
22.4,85.8,Medium,Medium,No,5.9,63.9,High,Yes,3.0,65.4
20.2,84.4,High,Medium,Yes,7.7,88.0,High,Yes,1.0,67.8
25.7,60.2,High,Medium,Yes,6.7,65.4,High,Yes,,60.8
18.3,91.5,Medium,Medium,Yes,8.1,79.2,High,Yes,1.0,64.6
29.6,77.0,High,Low,Yes,7.1,86.7,High,Yes,4.0,73.0
3.5,83.2,Medium,High,No,7.4,87.8,High,Yes,3.0,61.6
19.4,95.4,Medium,High,No,8.7,68.9,High,Yes,1.0,56.5
24.0,76.7,Low,High,No,6.0,71.4,High,Yes,2.0,69.4
21.8,90.6,Medium,Medium,Yes,7.5,85.3,High,Yes,3.0,76.7
16.2,74.3,High,Medium,No,7.9,96.4,High,Yes,1.0,66.0
17.9,61.0,Medium,High,No,6.8,74.0,High,Yes,1.0,63.0
18.5,88.6,High,High,Yes,7.4,71.2,High,Yes,1.0,57.1
12.5,74.1,Medium,Medium,No,9.1,83.3,High,Yes,1.0,56.4
20.4,93.9,High,Low,Yes,5.3,55.4,High,Yes,1.0,56.5
36.0,70.0,Medium,Medium,Yes,5.8,,High,Yes,2.0,62.9
15.6,98.9,Medium,High,Yes,5.8,68.3,High,Yes,1.0,64.5
17.5,88.2,Medium,Medium,Yes,7.5,82.5,High,Yes,3.0,67.1
15.3,73.3,Medium,High,Yes,6.2,58.3,High,Yes,0.0,52.8
16.5,93.9,High,High,No,9.1,65.0,High,Yes,0.0,58.1
25.9,91.0,Low,High,Yes,5.3,83.3,High,Yes,2.0,71.0
24.3,84.2,High,Medium,No,8.3,54.3,High,Yes,2.0,50.6
11.1,72.4,Low,High,Yes,8.3,66.9,High,Yes,1.0,55.1
17.1,85.5,Medium,High,Yes,7.6,63.5,High,Yes,2.0,60.2
22.1,63.6,Medium,Medium,Yes,7.7,55.0,High,Yes,2.0,50.9
18.4,82.2,Medium,High,No,6.8,71.5,High,Yes,0.0,57.3
18.9,71.6,Medium,Low,No,4.7,84.7,High,Yes,4.0,69.8
22.8,80.3,Medium,High,Yes,7.1,70.0,High,Yes,2.0,66.1
13.3,94.1,Medium,High,No,5.4,50.7,High,Yes,1.0,57.1
19.5,94.7,Medium,Medium,No,7.1,83.3,High,Yes,2.0,74.0
13.5,98.9,Medium,Medium,Yes,8.5,75.9,High,Yes,1.0,60.4
9.2,86.4,Low,Medium,No,7.9,64.7,High,Yes,1.0,54.6
23.5,99.4,Low,High,Yes,5.7,76.1,High,No,2.0,69.5
14.7,62.1,Medium,Medium,No,6.3,88.5,High,Yes,0.0,58.6
32.8,62.5,Medium,Low,Yes,9.3,82.9,High,Yes,3.0,67.6
15.1,91.2,Low,Medium,Yes,6.2,67.0,High,Yes,2.0,58.6
20.1,71.6,High,Medium,Yes,6.0,55.3,High,Yes,0.0,46.3
19.0,65.0,Medium,Medium,Yes,4.9,75.2,High,Yes,1.0,57.6
12.1,84.7,Medium,High,No,8.7,63.9,High,Yes,2.0,56.7
20.9,87.1,High,Low,Yes,5.8,84.7,High,Yes,0.0,62.4
19.7,94.4,Medium,High,No,7.8,83.3,High,Yes,2.0,68.8
22.1,73.9,Medium,Medium,No,5.6,57.2,High,Yes,3.0,59.7
17.3,69.4,Medium,High,No,9.3,79.5,High,Yes,2.0,63.0
29.2,76.2,High,Low,Yes,6.0,53.7,High,Yes,1.0,60.3
22.1,80.6,Medium,High,No,9.2,57.8,High,Yes,1.0,59.1
15.0,94.2,Medium,Low,Yes,4.8,67.7,High,Yes,4.0,62.4
14.7,84.3,Low,Medium,No,6.9,68.4,High,Yes,5.0,60.8
21.4,76.4,Low,High,No,6.4,67.8,High,Yes,2.0,66.6
18.4,64.0,Medium,Low,Yes,7.4,80.8,High,Yes,1.0,57.5
27.0,94.4,Medium,Low,Yes,6.4,52.8,High,Yes,1.0,64.4
11.2,66.5,High,Medium,Yes,8.5,92.0,High,No,0.0,60.9
9.6,81.3,Medium,Medium,No,7.2,61.1,High,Yes,0.0,48.6
24.4,95.5,Low,Medium,No,6.1,84.6,High,Yes,2.0,71.1
13.8,70.3,Low,Medium,Yes,8.0,74.8,High,Yes,2.0,58.4
26.4,75.4,Medium,Medium,Yes,4.0,82.3,High,Yes,1.0,67.8
19.0,65.0,Medium,Medium,Yes,8.1,90.7,High,Yes,2.0,63.8
23.5,85.5,High,High,Yes,9.3,77.2,High,Yes,2.0,67.8
16.7,61.3,High,High,Yes,4.3,61.5,High,Yes,0.0,51.9
23.0,91.7,Low,Medium,Yes,6.5,76.3,High,Yes,2.0,70.5
23.4,85.0,Medium,Low,Yes,7.2,98.2,High,Yes,3.0,74.3
16.5,85.4,Medium,Medium,Yes,9.0,52.8,High,Yes,1.0,47.8
20.9,71.2,Low,Medium,Yes,9.1,93.5,High,Yes,2.0,67.1
21.5,69.3,High,High,No,7.1,61.6,High,Yes,4.0,61.4
29.2,69.8,Medium,Low,Yes,7.2,70.5,High,Yes,1.0,68.3
17.6,82.1,Medium,High,Yes,7.8,76.6,High,Yes,2.0,58.9
17.2,89.4,High,Medium,Yes,7.4,60.0,High,Yes,0.0,53.8
30.9,79.4,High,Low,No,7.7,97.9,High,Yes,1.0,80.9
3.5,95.5,Low,High,No,6.0,80.6,High,Yes,4.0,62.4
23.1,77.7,Medium,Low,No,7.1,61.9,High,Yes,1.0,60.6
25.5,98.9,High,Medium,Yes,6.7,50.2,High,Yes,1.0,60.5
19.4,66.8,Medium,Medium,No,7.1,52.8,High,Yes,0.0,42.8
29.9,91.1,High,Low,No,5.8,55.2,High,Yes,2.0,69.9
25.0,77.1,Medium,High,No,6.6,71.2,High,Yes,1.0,58.3
25.5,76.8,High,Medium,Yes,9.3,90.8,High,Yes,2.0,66.3
17.1,91.6,High,Low,Yes,8.0,66.2,High,Yes,2.0,55.4
21.5,60.5,High,Medium,No,10.0,67.3,High,Yes,2.0,58.2
19.4,87.9,Medium,High,No,9.5,54.5,High,Yes,2.0,59.7
21.9,93.3,Low,Medium,Yes,7.0,76.0,High,Yes,1.0,77.5
18.6,68.6,Medium,High,No,7.1,87.0,High,Yes,0.0,67.0
17.0,63.9,Medium,Medium,Yes,7.5,74.1,High,Yes,1.0,61.2
24.6,90.6,Medium,Low,No,7.3,72.5,High,Yes,2.0,65.6
10.9,94.3,Low,Medium,Yes,7.1,58.1,High,Yes,1.0,57.0
26.2,94.1,Medium,Medium,No,7.2,52.2,High,Yes,1.0,59.8
37.1,93.6,Medium,Low,No,4.7,64.3,High,Yes,3.0,76.8
21.8,85.4,Medium,Medium,No,5.9,75.4,High,Yes,3.0,69.5
23.3,98.5,High,High,Yes,,67.4,High,Yes,1.0,69.5
15.9,97.9,Medium,Medium,Yes,6.0,91.5,High,Yes,2.0,72.9
13.3,85.2,Medium,Medium,No,4.1,72.1,High,Yes,0.0,57.9
9.9,86.7,High,Low,Yes,8.8,80.0,High,Yes,1.0,54.6
30.3,75.9,Medium,High,Yes,6.9,73.5,High,No,1.0,69.1
26.2,77.2,High,Low,No,8.2,50.4,High,Yes,2.0,52.4
25.4,72.9,High,Medium,No,7.0,94.0,High,Yes,0.0,68.1
23.5,97.1,Medium,Medium,Yes,6.0,60.5,High,Yes,3.0,63.4
19.5,84.4,Medium,Medium,No,6.7,69.0,High,Yes,0.0,59.0
27.0,81.3,Medium,High,Yes,9.9,86.1,High,Yes,0.0,70.8
4.1,73.3,Medium,Medium,Yes,8.4,76.5,High,Yes,1.0,53.5
8.8,72.9,Medium,Medium,Yes,7.9,93.0,High,Yes,0.0,55.9
13.1,63.8,Medium,Low,No,8.0,82.9,High,Yes,1.0,64.0
20.5,67.1,High,Medium,No,6.4,84.9,High,Yes,0.0,56.8
17.9,76.3,High,Medium,No,6.9,52.0,High,Yes,0.0,48.0
22.6,62.0,Low,Low,No,6.9,99.1,High,Yes,3.0,67.2
11.6,82.9,Medium,Medium,No,7.8,96.3,High,Yes,2.0,60.6
26.4,71.0,Medium,Medium,Yes,7.7,97.3,High,Yes,1.0,74.2
25.4,81.9,Low,High,No,8.9,93.3,High,No,2.0,75.9
16.4,65.7,High,High,Yes,5.5,56.6,High,Yes,2.0,55.2
9.5,94.4,Medium,Low,No,7.4,90.2,High,Yes,1.0,60.3
19.5,65.1,High,Low,No,7.6,95.6,High,Yes,1.0,65.2
21.2,97.8,Medium,Medium,Yes,5.9,67.4,High,Yes,2.0,68.6
24.6,93.1,High,Medium,Yes,5.3,63.5,High,Yes,1.0,61.5
18.6,93.2,High,Low,Yes,6.1,93.4,High,Yes,4.0,66.5
22.6,91.5,Medium,Medium,,7.2,71.9,High,Yes,2.0,67.7
24.0,98.8,Medium,High,Yes,5.4,82.3,High,Yes,1.0,78.4
21.3,73.6,Medium,High,Yes,8.2,74.8,High,Yes,0.0,62.8
22.0,96.5,High,Low,Yes,6.8,86.6,High,Yes,1.0,71.5
20.2,60.5,Medium,Low,Yes,7.5,95.9,High,Yes,1.0,68.9
19.2,60.5,High,Low,Yes,5.0,76.5,High,Yes,4.0,62.1
23.1,97.5,High,High,Yes,8.0,84.2,High,Yes,0.0,77.1
13.3,91.6,Medium,Medium,No,6.4,80.5,High,Yes,1.0,63.8
19.6,66.4,Medium,High,Yes,8.0,92.4,High,Yes,0.0,62.7
23.0,68.0,Medium,Medium,Yes,8.5,69.7,High,Yes,2.0,60.7
25.9,72.6,Medium,Medium,Yes,5.2,100.0,High,Yes,1.0,70.3
12.1,76.8,Medium,Low,No,6.0,54.6,High,Yes,0.0,49.4
15.5,72.9,Medium,High,Yes,6.1,97.2,High,Yes,0.0,72.8
24.2,67.7,Low,Medium,No,5.8,97.7,High,Yes,2.0,71.9
22.5,64.7,Medium,High,No,5.2,58.2,High,Yes,2.0,57.9
18.2,100.0,Medium,High,Yes,7.4,66.7,High,Yes,3.0,62.4
25.1,68.5,High,High,Yes,6.5,51.7,High,Yes,1.0,60.0
14.3,72.3,Medium,Low,No,5.7,94.5,High,Yes,3.0,65.7
15.3,83.7,Low,Medium,Yes,6.2,90.5,High,Yes,0.0,64.9
18.0,93.9,High,Low,No,8.5,59.0,High,Yes,0.0,60.1
24.3,74.9,Low,,Yes,6.4,50.4,High,Yes,2.0,56.0
25.5,92.8,Medium,Medium,Yes,6.2,93.0,High,Yes,2.0,82.8
15.2,98.0,High,High,Yes,9.4,61.2,High,No,2.0,67.9
19.7,69.1,Medium,High,No,8.5,84.4,High,Yes,2.0,67.7
25.4,72.2,Low,Low,Yes,7.1,86.9,High,Yes,1.0,66.4
28.6,81.7,Medium,Low,Yes,6.8,51.8,High,Yes,2.0,50.7
19.0,79.5,High,Medium,No,6.1,62.2,High,Yes,1.0,53.9
26.0,77.0,,High,Yes,5.5,98.6,High,Yes,2.0,79.8
19.4,79.1,Medium,Low,Yes,5.6,95.4,High,Yes,1.0,74.7
18.8,87.7,Medium,High,No,6.1,74.1,High,Yes,2.0,67.7
26.4,73.0,Medium,High,Yes,6.4,62.3,High,Yes,4.0,63.9
23.6,87.2,Medium,Low,Yes,7.5,92.2,High,Yes,2.0,76.4
28.9,90.6,Medium,Medium,No,9.3,62.1,High,No,3.0,68.2
20.1,89.0,Low,Medium,No,9.9,93.1,High,Yes,2.0,75.4
25.0,99.5,Low,High,No,6.4,84.9,High,Yes,3.0,73.5
26.8,60.9,High,Medium,Yes,5.7,93.9,High,Yes,2.0,76.5
26.8,73.7,Medium,High,Yes,6.1,51.7,High,Yes,0.0,60.7
17.3,88.9,Low,Medium,Yes,7.9,51.6,High,Yes,1.0,49.0
11.9,76.5,Medium,Low,Yes,7.4,92.6,High,No,0.0,60.0
24.7,75.5,Medium,Medium,Yes,6.6,86.4,High,Yes,1.0,64.1
13.5,72.2,High,Medium,Yes,4.6,80.3,High,Yes,4.0,63.5
21.8,69.2,Medium,Low,Yes,7.2,89.0,High,Yes,1.0,69.5
17.2,88.6,Medium,Low,No,7.7,65.3,High,Yes,0.0,55.9
29.7,70.3,Medium,High,Yes,7.3,70.2,High,Yes,1.0,69.1
25.0,83.2,Medium,Medium,No,5.4,60.8,High,Yes,1.0,53.9
25.8,65.6,Medium,Medium,No,4.9,85.9,High,Yes,5.0,71.9
17.3,79.0,Medium,Medium,Yes,7.4,57.5,High,Yes,1.0,48.2
21.3,77.1,High,High,No,7.6,73.5,High,Yes,2.0,65.0
26.6,90.3,Low,High,No,9.3,96.3,High,Yes,3.0,80.9
28.2,83.6,High,Medium,Yes,9.7,59.5,High,No,3.0,65.9
3.0,84.1,Low,Medium,Yes,5.7,97.5,High,Yes,2.0,64.5
25.5,98.5,High,High,Yes,6.0,78.1,High,Yes,1.0,72.7
21.8,84.0,High,High,Yes,6.9,82.0,High,Yes,0.0,72.0
21.4,92.4,Low,High,No,6.8,87.5,High,Yes,1.0,79.5
13.7,77.4,Medium,High,Yes,6.7,68.1,High,Yes,0.0,55.7
30.5,99.5,Medium,Medium,Yes,4.0,96.3,High,Yes,1.0,84.2
19.4,93.4,High,Medium,Yes,6.9,93.4,High,Yes,1.0,75.1
23.6,88.7,Low,Medium,No,7.1,88.1,High,Yes,5.0,76.4
23.0,85.4,Medium,Medium,No,7.2,82.2,High,Yes,0.0,65.7
14.4,83.4,Medium,Low,Yes,6.2,64.2,High,Yes,3.0,55.0
23.8,68.2,Low,Medium,Yes,7.4,80.0,High,Yes,1.0,64.2
22.1,69.5,Medium,High,No,5.2,64.2,High,Yes,1.0,64.6
23.7,84.2,Medium,High,Yes,5.8,88.3,High,Yes,0.0,71.4
25.2,71.6,Medium,Medium,Yes,9.1,83.0,High,Yes,2.0,64.3
21.0,72.5,Medium,Medium,Yes,7.9,90.9,High,Yes,1.0,72.6
21.4,64.0,Medium,Medium,No,9.0,82.7,High,Yes,2.0,64.3
16.5,98.7,Medium,High,Yes,8.3,95.2,High,Yes,0.0,69.6
11.3,88.2,Low,Medium,No,9.8,,High,Yes,0.0,63.6
21.0,93.2,Medium,High,Yes,8.1,72.9,High,Yes,2.0,69.4
15.7,97.5,Medium,Medium,No,6.5,75.8,High,Yes,,64.9
25.8,71.6,Low,High,Yes,5.6,63.7,High,Yes,2.0,63.8
12.2,89.6,Medium,Low,Yes,9.5,66.6,High,Yes,1.0,54.1
25.6,64.6,High,Medium,Yes,8.2,78.5,High,Yes,0.0,64.1
15.2,78.7,High,Medium,No,9.1,92.0,High,Yes,0.0,61.2
22.3,83.4,Medium,Medium,No,7.5,69.6,High,No,4.0,65.7
8.6,99.1,Medium,Low,Yes,8.3,66.2,High,No,2.0,51.7
24.4,63.4,Medium,Medium,No,8.0,60.9,High,Yes,1.0,55.4
9.2,86.5,High,Medium,No,8.1,83.1,High,Yes,0.0,50.3
15.4,65.2,High,Medium,No,7.8,86.7,High,Yes,2.0,66.1
18.8,73.6,High,High,Yes,6.6,83.4,High,Yes,1.0,60.6
18.0,73.7,Low,High,No,6.7,92.8,High,,3.0,65.8
27.1,68.4,High,High,No,6.4,55.3,High,Yes,1.0,58.6
22.0,76.6,Medium,Medium,Yes,8.6,71.3,High,Yes,2.0,68.4
19.5,78.8,Medium,High,Yes,6.4,71.9,High,Yes,2.0,70.9
22.7,64.1,High,Low,No,6.4,60.8,High,Yes,2.0,54.3
20.0,87.4,High,High,Yes,9.3,64.1,High,Yes,2.0,60.5
12.8,97.4,High,Medium,No,6.0,75.8,High,Yes,2.0,67.5
29.4,77.3,High,Low,Yes,7.6,70.8,High,Yes,3.0,65.7
21.0,60.7,Medium,Low,Yes,5.7,84.6,High,Yes,0.0,54.8
18.0,65.4,Medium,High,Yes,8.5,86.8,High,Yes,1.0,71.6
23.3,74.7,High,High,Yes,7.6,94.4,High,,0.0,67.8
13.9,75.3,Low,Low,Yes,8.0,67.1,High,Yes,0.0,54.8
16.4,98.4,Low,Low,No,4.5,80.7,High,Yes,,71.3
28.4,61.4,Medium,Low,Yes,5.8,81.5,High,Yes,1.0,69.2
33.5,63.9,High,High,No,6.2,50.4,High,Yes,5.0,65.0
16.1,94.3,High,High,Yes,7.2,86.5,High,Yes,2.0,78.2
23.7,83.5,High,High,Yes,6.5,95.5,High,Yes,,78.3
14.6,81.2,Medium,Medium,Yes,4.0,54.7,High,Yes,4.0,56.9
24.5,64.9,High,Medium,No,6.4,74.4,High,Yes,1.0,60.7
20.6,92.4,High,Medium,Yes,7.6,63.3,High,Yes,1.0,55.6
23.5,69.1,Medium,High,No,8.9,68.5,High,Yes,1.0,64.7
29.0,64.6,Medium,Low,Yes,5.6,54.5,High,Yes,2.0,62.8
21.7,97.2,High,Medium,No,7.8,63.5,High,Yes,2.0,64.5
26.6,78.6,High,Medium,Yes,5.0,95.4,High,Yes,2.0,68.3
20.1,94.7,Medium,Medium,No,6.0,85.9,High,Yes,1.0,75.3
15.7,,High,Medium,No,5.5,95.2,High,Yes,3.0,67.8
29.0,71.4,Medium,Medium,No,8.5,78.4,High,Yes,3.0,66.5
16.0,72.9,Medium,High,Yes,6.3,91.8,High,Yes,0.0,69.1
19.1,67.2,Medium,Medium,Yes,6.0,62.9,High,Yes,1.0,54.1
21.8,64.9,Medium,Low,Yes,6.5,64.2,High,No,0.0,54.8
13.4,79.2,Medium,Medium,No,8.6,81.9,High,Yes,0.0,62.5
23.8,60.8,Low,Medium,Yes,8.1,90.3,High,Yes,1.0,74.4
16.7,65.5,Low,High,Yes,6.9,72.4,High,Yes,0.0,56.6
27.2,94.2,High,Medium,No,8.2,98.3,High,Yes,1.0,77.5
31.9,68.2,Medium,Low,Yes,6.8,78.5,High,Yes,0.0,63.4
10.4,75.5,Medium,Medium,Yes,9.8,62.4,High,Yes,1.0,51.6
23.1,64.4,High,Medium,No,6.7,80.5,High,Yes,1.0,59.7
29.3,95.4,High,High,No,6.1,65.9,High,Yes,1.0,66.3
15.3,87.3,,High,No,6.6,88.0,High,Yes,3.0,78.8
23.4,60.8,Low,Medium,No,9.7,86.9,High,Yes,4.0,75.3
21.9,96.4,Medium,Medium,No,6.3,51.4,High,Yes,1.0,53.5
16.3,66.1,Low,High,Yes,6.8,52.7,High,Yes,2.0,48.2
19.7,80.8,Medium,Low,Yes,8.9,51.5,High,Yes,2.0,55.4
20.8,92.2,Medium,High,Yes,5.2,56.2,High,Yes,1.0,57.9
20.9,98.3,High,Medium,Yes,8.2,70.2,High,Yes,1.0,68.4
23.3,84.6,High,Low,No,6.3,50.9,High,Yes,1.0,54.2
22.7,81.1,High,Medium,Yes,5.3,51.8,High,Yes,3.0,58.2
16.4,74.3,High,Medium,No,6.3,52.6,High,Yes,5.0,58.5
14.8,81.8,Low,Low,Yes,8.7,85.3,High,Yes,2.0,65.4
24.5,78.7,Medium,Medium,Yes,7.0,79.4,High,Yes,2.0,62.7
19.7,95.5,Medium,High,No,6.1,92.2,High,No,2.0,72.0
24.8,76.7,,High,Yes,10.0,50.3,High,Yes,1.0,61.0
25.9,96.7,Medium,Medium,Yes,9.1,61.4,High,Yes,1.0,69.8
14.2,85.5,Medium,Medium,Yes,7.5,98.5,High,No,3.0,70.8
18.3,84.7,Low,High,Yes,6.7,75.2,High,Yes,0.0,61.2
26.9,63.0,Low,Medium,Yes,6.2,54.1,High,Yes,2.0,65.8
17.0,62.9,Medium,High,Yes,7.4,69.0,High,Yes,4.0,61.0
26.8,80.5,Medium,Low,Yes,8.1,62.8,High,Yes,1.0,63.4
24.5,60.1,Medium,High,Yes,8.2,73.2,High,Yes,2.0,67.8
18.7,86.2,Medium,Medium,Yes,8.4,86.7,High,Yes,,68.2
28.9,76.9,High,Medium,No,6.4,63.5,High,Yes,3.0,62.5
25.5,81.7,High,High,Yes,6.9,94.3,High,Yes,0.0,72.2
19.2,85.3,Medium,High,No,5.9,82.9,High,No,1.0,61.4
26.7,75.7,High,High,Yes,8.1,55.2,High,Yes,3.0,58.5
17.2,97.7,Medium,Medium,Yes,7.1,56.7,High,Yes,2.0,60.4
26.6,99.5,Medium,Medium,Yes,8.2,80.7,High,Yes,1.0,77.5
22.8,74.7,High,Medium,No,7.6,84.6,High,Yes,2.0,68.3
15.1,82.8,,Medium,Yes,8.0,57.8,High,Yes,1.0,55.9
17.3,82.2,Medium,Medium,Yes,6.6,63.2,High,Yes,1.0,52.0
24.5,65.1,Medium,Medium,Yes,7.7,76.3,High,Yes,0.0,66.7
16.9,67.1,Medium,Medium,Yes,5.6,50.8,High,Yes,2.0,43.9
17.3,97.5,Low,Medium,Yes,6.3,95.7,High,Yes,1.0,67.9
19.8,93.2,Medium,Medium,No,7.4,56.6,High,Yes,1.0,58.1
16.4,75.0,Medium,High,Yes,5.1,57.7,High,Yes,1.0,53.0
13.1,81.6,High,Medium,Yes,7.3,50.7,High,Yes,1.0,42.6
19.2,68.8,Medium,Low,Yes,8.3,57.3,High,Yes,0.0,47.6
28.2,95.2,Medium,Medium,Yes,6.5,92.0,High,No,3.0,72.0
13.7,84.5,High,Medium,Yes,9.1,67.7,High,Yes,1.0,55.5
21.1,83.3,Medium,Medium,Yes,8.2,91.5,High,Yes,2.0,71.5
28.7,91.6,High,Medium,Yes,7.6,72.8,High,Yes,0.0,64.0
28.1,78.0,Medium,High,No,6.0,95.9,High,Yes,0.0,74.5
17.1,67.0,High,Medium,Yes,7.2,74.2,High,Yes,2.0,66.5
26.2,74.4,High,Medium,Yes,6.1,92.1,High,Yes,0.0,73.4
27.3,86.3,Medium,Medium,No,6.6,74.4,High,Yes,4.0,70.6
16.0,66.4,Medium,Medium,Yes,8.2,85.6,High,Yes,4.0,59.8
28.7,73.0,Medium,High,No,8.3,56.6,High,Yes,1.0,63.4
18.4,87.8,Medium,High,No,6.8,59.3,High,Yes,1.0,54.1
21.5,80.8,High,High,No,7.7,64.6,High,Yes,4.0,67.3
10.2,81.1,Medium,Medium,No,7.2,95.9,High,Yes,2.0,65.0
18.0,93.9,Medium,High,Yes,7.2,61.4,High,Yes,1.0,62.5
24.8,70.0,Low,Medium,No,6.8,59.1,High,Yes,3.0,64.1
24.7,78.3,Low,Medium,No,8.4,91.8,High,Yes,0.0,75.7
18.4,98.2,Medium,Low,Yes,7.5,68.9,High,Yes,0.0,59.4
28.9,86.8,High,Low,No,6.8,71.1,High,No,0.0,61.7
,87.7,Medium,High,Yes,6.4,61.8,High,Yes,1.0,58.4
7.6,74.6,Medium,Medium,Yes,7.3,78.9,High,Yes,2.0,52.4
22.5,73.9,Medium,High,Yes,6.7,62.6,High,Yes,3.0,64.8
19.4,84.5,High,High,Yes,4.7,51.3,High,Yes,2.0,54.8
20.4,,High,Medium,Yes,8.2,85.3,High,Yes,4.0,64.4
20.2,61.7,High,High,No,7.6,51.4,High,No,2.0,53.2
20.8,75.6,Medium,,Yes,7.2,58.4,High,Yes,3.0,60.1
20.7,65.8,Low,Low,Yes,8.4,71.1,High,Yes,0.0,53.7
29.7,,Medium,Medium,No,4.0,57.5,High,Yes,1.0,70.0
27.5,63.5,Low,High,No,6.9,88.1,High,Yes,1.0,71.0
18.1,89.9,High,Low,No,7.7,56.2,High,Yes,1.0,50.9
8.2,80.3,Medium,Low,No,5.8,75.9,High,Yes,5.0,63.4
14.0,73.2,High,High,Yes,5.1,76.3,High,Yes,0.0,64.9
18.5,95.2,High,Medium,No,6.6,88.7,High,Yes,0.0,62.3
26.3,94.5,Low,Medium,No,7.6,80.6,High,Yes,3.0,67.8
17.5,97.7,High,Low,Yes,7.3,56.3,High,Yes,3.0,61.8
21.7,92.7,Low,Medium,Yes,7.4,64.2,High,Yes,2.0,59.5
25.1,87.4,,Medium,No,7.8,89.1,High,Yes,1.0,64.2
23.5,81.3,High,Medium,No,6.0,68.5,High,Yes,0.0,60.4
22.6,62.9,Medium,Medium,No,10.0,79.6,High,Yes,1.0,57.9
22.2,99.4,High,Low,No,8.3,61.8,High,Yes,1.0,57.7
25.0,70.1,High,Medium,Yes,6.9,88.1,High,Yes,4.0,75.9
24.8,68.1,Medium,Low,Yes,9.3,82.5,High,Yes,3.0,66.0
25.3,81.2,Medium,Medium,Yes,4.9,95.2,High,Yes,3.0,72.8
14.6,79.8,Medium,Medium,No,6.3,56.8,High,Yes,1.0,55.6
12.4,63.8,Medium,High,No,5.9,70.2,High,No,1.0,54.0
23.5,88.7,Medium,Medium,Yes,8.7,73.6,High,Yes,3.0,73.5
20.8,74.8,High,Low,Yes,6.1,70.7,High,Yes,1.0,54.7
9.2,87.2,Medium,High,Yes,8.4,71.9,High,No,2.0,58.1
21.7,90.1,Medium,Medium,Yes,8.1,63.9,High,Yes,2.0,55.4
25.8,71.9,Low,Medium,Yes,6.5,55.6,High,Yes,2.0,65.6
9.2,61.8,Medium,High,No,8.4,71.7,High,Yes,0.0,48.1
9.0,81.5,Low,Low,Yes,6.8,62.2,High,Yes,2.0,53.2
,91.3,Low,Medium,Yes,4.6,61.3,High,Yes,3.0,61.1
27.6,87.0,Low,Medium,No,8.5,98.4,High,Yes,2.0,76.4
25.9,69.8,Medium,Medium,Yes,5.1,69.1,High,Yes,0.0,54.3
34.8,75.5,Low,Low,Yes,6.1,90.0,High,Yes,1.0,72.1
20.7,91.1,Medium,High,No,7.1,88.4,High,Yes,1.0,73.1
18.4,94.3,Medium,Low,Yes,8.1,62.6,High,No,2.0,57.0
29.0,60.8,Medium,Medium,Yes,8.7,82.9,High,No,1.0,63.1
15.8,83.4,Medium,Medium,Yes,7.8,59.7,High,No,0.0,54.5
22.7,97.1,Medium,Low,Yes,4.5,84.9,High,Yes,1.0,71.6
11.8,77.3,,Low,Yes,7.4,84.9,High,Yes,3.0,61.0
26.6,67.4,Medium,High,Yes,7.9,56.1,High,No,1.0,59.8
22.2,61.0,Medium,High,Yes,6.1,81.4,High,Yes,1.0,58.2
29.3,76.6,Medium,Medium,Yes,7.3,92.4,High,Yes,1.0,76.2
9.0,77.6,Medium,Medium,Yes,8.7,86.1,High,Yes,3.0,63.1
23.2,90.3,Medium,Medium,Yes,8.4,79.0,High,Yes,3.0,74.8
18.3,79.3,High,Low,Yes,4.6,83.4,High,Yes,2.0,63.4
16.3,83.8,Low,Medium,No,6.8,56.3,High,Yes,0.0,53.8
32.2,94.1,Low,Medium,Yes,7.1,85.8,High,Yes,2.0,79.5
8.0,90.2,Medium,Low,Yes,8.3,82.4,High,Yes,4.0,64.6
13.4,93.5,Medium,High,Yes,5.9,74.0,High,Yes,2.0,64.7
13.1,78.4,Medium,Low,Yes,7.4,65.7,High,Yes,1.0,49.5
29.6,87.8,Medium,Medium,Yes,7.5,97.0,High,No,1.0,75.9
15.5,99.7,Medium,Medium,No,6.1,83.6,High,Yes,1.0,67.9
15.5,73.1,High,Medium,Yes,6.1,78.3,High,Yes,0.0,58.3
24.7,90.6,Low,Medium,No,6.8,64.0,High,Yes,4.0,63.0
25.3,65.8,Low,Medium,Yes,6.5,62.4,High,Yes,1.0,53.7
22.3,63.4,Medium,High,No,5.5,91.8,High,Yes,1.0,68.3
14.7,80.5,Medium,Medium,Yes,8.6,52.8,High,Yes,1.0,49.7
25.7,82.3,Medium,Medium,Yes,7.0,88.6,High,Yes,4.0,78.7
16.9,93.7,High,Medium,Yes,6.8,99.5,High,Yes,3.0,78.1
15.9,69.2,Medium,High,No,5.0,56.4,High,Yes,1.0,56.0
26.2,76.8,Medium,Medium,Yes,4.9,77.1,High,Yes,0.0,64.5
18.4,95.5,High,Medium,No,8.1,58.1,High,Yes,0.0,60.4
19.1,91.2,Low,High,No,8.7,51.1,High,No,0.0,55.9
24.8,75.5,Medium,High,No,7.7,95.5,High,Yes,3.0,79.4
14.4,99.8,High,Medium,Yes,8.2,50.6,High,Yes,2.0,61.5
14.5,64.6,Medium,Medium,Yes,7.0,54.8,High,Yes,2.0,47.8
20.2,69.3,High,High,Yes,6.7,66.3,High,Yes,2.0,55.7
23.5,64.4,Medium,Medium,Yes,9.2,96.7,High,Yes,0.0,69.0
23.6,62.1,High,Medium,No,7.5,57.2,High,Yes,1.0,53.4
19.0,83.1,Medium,High,Yes,5.7,89.5,High,Yes,0.0,74.4
16.8,60.7,Low,Low,No,9.3,66.5,High,Yes,0.0,46.3
20.7,68.2,High,Low,No,7.7,61.2,High,Yes,1.0,51.5
10.0,66.0,Low,Medium,Yes,10.0,96.7,High,Yes,3.0,64.6
26.3,93.3,Medium,Low,No,6.8,87.0,High,Yes,3.0,76.2
21.3,81.3,Low,High,Yes,6.0,69.9,High,Yes,1.0,66.3
22.0,73.1,Medium,High,Yes,8.8,80.7,High,Yes,2.0,73.6
9.6,87.8,Low,Low,Yes,8.2,98.8,High,Yes,2.0,66.7
18.3,91.4,Medium,High,Yes,7.7,60.0,High,Yes,4.0,63.5
17.2,95.8,Medium,Medium,Yes,9.9,64.0,High,Yes,0.0,56.7
18.7,89.4,Medium,Low,Yes,8.7,99.6,High,Yes,1.0,70.3
15.6,95.1,High,Medium,Yes,5.5,74.3,High,Yes,2.0,62.8
23.2,90.3,Medium,Medium,Yes,5.2,76.7,High,Yes,2.0,73.1
25.0,85.1,High,High,No,6.4,56.0,High,Yes,4.0,57.4
12.0,77.4,Low,High,Yes,6.9,75.8,High,Yes,3.0,63.3
23.5,99.9,High,Medium,No,7.4,59.3,High,Yes,0.0,63.8
15.0,90.0,Medium,Medium,Yes,8.2,78.3,High,Yes,3.0,65.4
27.0,91.4,High,Medium,Yes,7.1,77.3,High,Yes,2.0,59.1
21.6,95.7,Low,High,No,4.9,98.4,High,Yes,1.0,85.4
23.4,94.7,High,Medium,No,7.1,86.8,High,Yes,1.0,73.0
26.2,66.9,Medium,Medium,Yes,6.6,57.9,High,Yes,2.0,53.6
31.6,75.5,Medium,Medium,Yes,7.8,78.4,High,Yes,1.0,65.4
19.0,78.2,Medium,High,No,7.8,77.0,High,Yes,2.0,66.8
21.4,96.8,High,Low,Yes,9.0,56.4,High,Yes,1.0,56.6
20.8,80.1,High,Medium,No,7.4,88.1,High,Yes,3.0,68.7
23.5,64.3,,Low,Yes,7.6,64.2,High,Yes,3.0,58.1
21.0,60.2,Medium,Low,No,7.0,54.3,High,Yes,1.0,47.1
27.0,66.9,,Medium,No,6.0,72.8,High,Yes,2.0,65.9
16.6,60.8,Medium,Medium,Yes,7.1,68.0,High,Yes,2.0,55.6
20.3,76.7,Low,Medium,Yes,8.1,82.5,High,Yes,0.0,63.6
19.9,81.7,Low,High,Yes,6.2,68.6,High,Yes,2.0,58.9
25.0,64.6,Low,High,No,6.4,77.9,High,Yes,1.0,64.5
31.4,92.5,Medium,Medium,No,7.3,80.2,High,Yes,0.0,69.2
15.0,90.7,High,Medium,Yes,7.8,76.2,High,Yes,2.0,62.8
16.1,61.3,Medium,Medium,Yes,6.9,78.8,High,Yes,1.0,61.4
15.9,67.5,Medium,Medium,Yes,7.3,91.4,High,Yes,2.0,60.0
25.0,75.0,Low,High,Yes,8.0,92.4,High,Yes,3.0,77.3
28.3,70.5,Medium,High,Yes,6.7,79.4,High,Yes,2.0,71.2
11.7,90.6,Medium,High,Yes,8.0,70.3,High,Yes,1.0,54.2
30.5,80.0,High,Medium,No,6.9,62.2,High,Yes,1.0,61.9
19.0,85.3,Medium,High,No,8.0,87.0,High,Yes,1.0,69.0
12.3,81.1,High,Low,Yes,6.9,51.7,High,Yes,0.0,46.2
21.9,60.6,High,Medium,Yes,7.5,72.8,High,Yes,2.0,60.5
24.4,89.3,High,Medium,No,6.7,66.6,High,Yes,3.0,63.8
12.0,79.4,High,Medium,No,8.5,81.8,High,Yes,2.0,62.1
19.0,97.0,High,Medium,Yes,7.9,61.1,High,Yes,1.0,53.8
17.2,88.6,Medium,High,Yes,4.5,98.1,High,Yes,1.0,74.1
14.2,73.6,Low,Medium,Yes,6.3,52.3,High,Yes,2.0,53.2
14.7,99.4,High,Medium,Yes,5.4,99.2,High,Yes,3.0,76.8
20.3,82.6,High,Medium,No,7.3,50.1,High,Yes,2.0,56.5
11.6,64.3,Low,Medium,Yes,7.9,76.5,High,Yes,1.0,52.0
15.5,91.1,Medium,Medium,Yes,7.5,61.0,High,Yes,0.0,57.3
34.9,91.9,High,Medium,No,8.6,64.5,High,Yes,2.0,75.9
22.0,62.2,Medium,High,Yes,6.5,75.9,High,Yes,1.0,64.9
30.6,71.7,High,Medium,No,8.3,94.7,High,Yes,2.0,82.1
18.8,71.9,Medium,Medium,No,5.6,73.8,High,Yes,2.0,53.8
26.3,87.2,Medium,High,Yes,6.9,65.8,High,Yes,2.0,70.7
19.1,87.0,Medium,High,,5.8,55.8,High,Yes,3.0,62.8
14.8,89.4,High,High,Yes,8.4,69.8,High,Yes,1.0,65.5
8.0,99.3,High,Medium,Yes,8.6,81.1,High,No,1.0,58.5
10.4,72.4,Medium,Medium,Yes,9.9,50.4,High,Yes,2.0,43.9
23.0,79.1,High,High,No,5.8,81.0,High,Yes,2.0,65.4
25.9,76.0,Medium,Medium,Yes,5.8,93.3,High,Yes,1.0,75.3
19.7,84.7,Medium,Medium,No,5.6,59.9,High,Yes,1.0,54.6
19.7,93.3,High,Medium,Yes,7.9,88.7,High,Yes,2.0,76.9
21.3,83.8,High,High,No,8.2,58.3,High,Yes,2.0,63.6
20.4,70.3,Medium,High,No,6.7,76.7,High,Yes,1.0,63.1
13.5,69.9,High,High,No,5.7,92.2,High,Yes,1.0,63.6
22.8,78.8,Medium,Medium,No,6.3,68.9,High,No,4.0,64.5
14.8,78.8,Medium,Low,No,6.3,60.9,High,Yes,4.0,52.4
15.0,97.7,Medium,High,Yes,7.4,80.6,High,No,1.0,70.5
13.2,78.7,Low,Medium,No,8.3,73.1,High,Yes,1.0,57.5
14.8,65.4,High,Medium,Yes,7.2,66.8,High,Yes,1.0,49.6
22.2,71.1,Medium,Medium,No,5.8,98.1,High,Yes,3.0,73.4
20.3,75.3,High,Medium,No,6.9,58.4,High,Yes,1.0,54.7
30.2,70.3,Medium,Low,No,9.1,61.0,High,Yes,1.0,58.1
26.6,64.3,Medium,Medium,Yes,8.6,77.8,High,Yes,0.0,62.1
16.3,97.1,Medium,Medium,Yes,5.1,61.5,High,Yes,1.0,59.5
32.5,86.9,Medium,Medium,Yes,9.6,74.6,High,Yes,4.0,73.9
22.1,83.6,High,Medium,Yes,8.1,88.2,High,Yes,1.0,70.9
30.2,72.2,Low,High,No,7.1,61.5,High,Yes,2.0,56.2
27.4,66.8,Medium,High,Yes,7.0,66.9,High,Yes,2.0,71.5
27.6,71.1,Medium,High,Yes,7.2,54.5,High,Yes,2.0,58.4
22.9,99.1,Low,High,No,7.7,89.3,High,Yes,1.0,78.5
24.9,,Low,Medium,Yes,5.1,74.4,High,Yes,2.0,61.9
17.1,87.0,Medium,Medium,Yes,,93.4,High,Yes,3.0,75.8
21.0,97.8,High,,Yes,7.4,90.0,High,No,2.0,78.0
12.0,65.4,Medium,Medium,Yes,6.5,88.4,High,Yes,1.0,57.4
22.4,81.2,Medium,Medium,No,5.2,74.5,High,Yes,1.0,59.2
18.9,69.0,Low,High,Yes,6.6,70.1,High,Yes,0.0,58.1
13.7,64.0,High,Medium,Yes,7.7,82.4,High,Yes,1.0,54.4
22.0,62.5,High,High,Yes,5.9,68.5,High,Yes,1.0,52.7
25.0,92.1,Low,Medium,Yes,9.9,84.9,High,Yes,2.0,78.6
17.3,87.7,Medium,Low,Yes,10.0,63.5,High,Yes,1.0,53.8
20.8,65.0,Low,Low,No,6.5,69.3,High,No,0.0,56.1
12.5,83.8,Medium,Medium,No,6.5,70.9,High,Yes,3.0,65.9
14.9,69.4,High,High,No,6.7,58.2,High,Yes,0.0,46.8
16.4,68.6,Low,High,Yes,7.6,91.4,High,Yes,4.0,75.3
17.9,89.9,High,High,No,4.7,52.5,High,Yes,0.0,56.7
28.3,63.1,High,High,No,6.0,69.2,High,Yes,1.0,57.8
10.9,97.8,Low,High,Yes,6.8,60.8,High,Yes,2.0,54.6
9.0,77.0,Medium,High,No,4.6,68.8,High,Yes,4.0,57.9
13.8,77.4,Medium,Medium,Yes,7.4,91.8,High,,1.0,68.2
21.0,77.5,High,Medium,Yes,6.7,90.3,High,Yes,2.0,70.4
20.5,89.9,Medium,High,Yes,8.0,67.5,High,Yes,2.0,65.9
24.7,68.1,Medium,Medium,Yes,5.0,53.7,High,Yes,0.0,58.5
24.9,76.2,Medium,Medium,Yes,6.5,65.3,High,Yes,0.0,54.0
24.5,75.0,Medium,Medium,Yes,5.1,93.0,High,Yes,1.0,76.9
13.6,66.0,Low,High,No,6.6,91.1,High,Yes,1.0,65.3
24.2,73.0,Medium,Medium,Yes,6.9,67.2,High,Yes,0.0,64.8
27.7,74.9,Medium,Low,No,8.7,56.1,High,Yes,2.0,56.6
10.3,70.9,High,Low,No,7.2,69.2,High,Yes,3.0,60.7
17.2,84.8,High,High,Yes,6.4,75.9,High,Yes,1.0,62.7
26.6,81.8,Medium,Medium,Yes,6.6,69.2,High,No,2.0,67.2
25.0,62.6,High,High,No,5.5,56.4,High,Yes,1.0,54.5
22.7,70.1,Low,Low,Yes,6.2,82.8,High,Yes,1.0,57.7
18.7,83.6,Low,Low,Yes,8.6,69.7,High,Yes,2.0,53.0
17.8,96.5,High,Medium,No,9.1,63.7,High,Yes,0.0,58.6
17.6,85.9,Low,Medium,No,,72.5,High,Yes,0.0,65.5
21.8,65.8,Low,Medium,No,9.2,77.2,High,Yes,4.0,67.0
20.7,92.2,High,Low,Yes,4.8,64.8,High,Yes,1.0,62.1
21.1,79.5,Medium,Medium,Yes,7.0,90.2,High,No,4.0,74.8
28.6,60.7,High,Medium,No,7.8,56.3,High,Yes,0.0,51.4
19.3,97.4,Medium,Low,Yes,7.3,55.0,High,Yes,1.0,58.9
23.0,60.4,Medium,Medium,Yes,9.3,62.7,High,Yes,2.0,53.7
13.6,67.6,Medium,Low,Yes,8.3,87.6,Low,No,2.0,53.8
30.8,65.9,Medium,High,Yes,8.0,70.3,Low,Yes,4.0,67.6
18.4,82.3,Low,Low,No,5.2,74.4,Low,Yes,3.0,48.4
27.5,79.8,High,Low,No,7.8,55.4,Low,Yes,3.0,50.4
18.0,82.1,High,High,Yes,9.2,84.9,Low,Yes,0.0,60.5
25.5,85.0,Medium,Medium,Yes,6.7,83.1,Low,Yes,3.0,64.0
21.7,95.1,Low,Low,No,7.1,92.4,Low,Yes,1.0,66.4
11.7,61.2,Medium,Medium,Yes,6.7,83.8,Low,Yes,3.0,56.3
14.6,60.5,Medium,Medium,Yes,6.8,66.9,Low,Yes,1.0,47.1
18.1,68.4,Medium,Medium,Yes,5.9,70.4,Low,Yes,2.0,46.7
18.9,88.8,High,Low,No,5.2,98.1,Low,Yes,3.0,72.9
20.4,66.3,High,Medium,Yes,6.1,93.7,Low,Yes,2.0,66.0
18.7,86.1,Low,Medium,No,8.3,95.8,Low,Yes,2.0,62.1
17.9,97.0,Medium,High,Yes,7.6,90.5,Low,Yes,1.0,67.2
8.4,60.7,Medium,Medium,Yes,5.1,83.6,Low,Yes,1.0,50.5
15.5,66.6,Medium,Medium,Yes,6.3,68.4,Low,Yes,3.0,45.9
37.4,73.3,Medium,High,Yes,6.4,89.8,Low,Yes,0.0,68.6
15.4,99.3,Medium,Low,No,6.6,85.7,Low,Yes,1.0,66.7
28.3,80.8,Medium,High,Yes,5.9,59.8,Low,Yes,3.0,60.8
11.2,90.1,,Low,Yes,7.9,92.9,Low,Yes,1.0,62.6
18.9,78.7,Medium,Medium,No,5.6,74.8,Low,Yes,0.0,50.5
20.7,90.0,Low,High,No,6.8,52.5,Low,Yes,1.0,63.7
17.3,71.3,Medium,Medium,Yes,7.4,79.2,Low,Yes,2.0,59.3
22.0,67.7,Medium,Medium,Yes,6.8,64.8,Low,Yes,2.0,54.3
14.1,62.0,Medium,High,No,7.1,59.9,Low,No,3.0,53.7
26.5,83.1,Medium,Medium,Yes,6.4,82.8,Low,Yes,2.0,69.3
21.5,89.4,High,High,Yes,7.3,65.0,Low,No,1.0,51.3
26.3,80.6,High,Low,No,7.0,94.5,Low,Yes,0.0,68.1
16.1,67.5,Medium,Medium,No,6.3,82.9,Low,Yes,2.0,54.0
15.7,84.4,Low,Low,Yes,9.2,56.4,Low,Yes,0.0,44.4
22.1,67.5,Low,Medium,Yes,6.8,51.6,Low,Yes,0.0,42.6
29.0,97.7,Low,Low,Yes,10.0,92.6,Low,Yes,0.0,72.6
19.3,70.5,Medium,High,Yes,6.2,63.3,Low,Yes,2.0,47.1
20.5,98.2,Medium,Medium,Yes,9.1,51.3,Low,Yes,0.0,52.5
17.1,96.6,Low,Medium,No,5.7,93.3,Low,No,2.0,65.3
13.4,84.8,High,High,No,5.1,87.5,Low,Yes,2.0,56.9
32.2,85.7,Medium,High,Yes,5.5,71.8,Low,Yes,0.0,65.9
21.3,62.8,Low,Medium,No,6.1,70.3,Low,Yes,4.0,52.4
17.5,82.9,Low,Medium,Yes,5.6,75.5,Low,Yes,1.0,49.3
22.7,70.8,Low,Medium,Yes,7.9,94.6,Low,Yes,0.0,66.1
15.8,91.3,Low,Medium,No,6.7,95.7,Low,Yes,2.0,70.3
22.4,72.2,High,Medium,Yes,8.5,80.0,Low,Yes,1.0,58.2
14.4,74.2,Medium,High,Yes,8.8,58.1,Low,Yes,1.0,51.7
18.0,95.6,High,Medium,Yes,7.7,69.9,Low,Yes,0.0,56.4
17.2,83.6,Medium,Medium,No,7.1,87.9,Low,Yes,3.0,66.0
29.6,94.9,High,Medium,No,6.1,89.8,Low,Yes,1.0,70.6
13.4,84.5,High,Low,Yes,6.4,56.4,Low,,0.0,42.5
18.5,79.2,Medium,Low,No,6.2,74.6,Low,Yes,2.0,53.0
24.9,86.1,High,Medium,No,6.6,89.6,Low,Yes,2.0,71.4
26.8,89.1,Low,Low,No,6.3,71.8,Low,,1.0,64.1
18.5,91.2,Low,Medium,Yes,5.6,58.9,Low,Yes,1.0,51.4
12.8,89.8,Medium,Low,Yes,7.3,95.3,Low,Yes,2.0,64.0
26.5,68.9,High,High,Yes,6.5,76.9,Low,Yes,1.0,63.8
22.2,65.2,Medium,Medium,Yes,5.4,57.0,Low,Yes,1.0,54.7
7.1,82.0,Medium,High,No,6.3,66.9,Low,Yes,1.0,45.5
21.3,87.8,Medium,Low,No,7.3,76.8,Low,Yes,0.0,61.0
30.1,61.4,Low,High,No,6.8,71.2,Low,Yes,0.0,60.7
33.0,64.7,High,Low,No,7.5,52.9,Low,Yes,1.0,50.1
30.5,61.3,Medium,Low,Yes,7.3,83.9,Low,Yes,2.0,62.0
,77.3,Low,Medium,Yes,6.5,61.3,Low,Yes,2.0,49.1
14.2,79.7,Medium,Low,Yes,7.7,84.0,Low,Yes,1.0,57.2
26.7,64.5,Medium,High,Yes,6.4,77.4,Low,Yes,1.0,61.3
18.6,87.6,Low,High,No,7.3,78.8,Low,Yes,3.0,60.8
25.4,90.1,Medium,High,Yes,7.7,64.7,Low,Yes,1.0,56.0
20.9,88.4,Low,Medium,Yes,5.8,98.0,Low,Yes,2.0,75.2
10.2,79.8,High,High,No,6.6,75.1,Low,Yes,0.0,57.6
20.7,62.1,Medium,Medium,Yes,8.1,78.5,Low,Yes,2.0,51.7
27.0,98.0,High,Medium,Yes,8.5,94.5,Low,Yes,1.0,69.1
23.8,75.9,Medium,High,No,6.4,57.1,Low,Yes,3.0,51.5
23.5,97.7,Medium,High,No,5.6,98.7,Low,Yes,0.0,71.4
20.1,70.3,Medium,Low,No,7.9,84.2,Low,Yes,0.0,45.2
20.9,77.0,High,Medium,Yes,7.1,58.4,Low,Yes,2.0,53.0
13.8,70.1,High,Medium,Yes,6.1,84.4,Low,Yes,1.0,54.8
22.8,96.7,Medium,Low,No,6.2,60.5,Low,Yes,2.0,58.2
24.1,82.9,Medium,Medium,No,6.7,59.2,Low,Yes,2.0,58.5
14.7,77.9,Medium,Medium,No,6.6,71.4,Low,Yes,1.0,59.6
20.2,74.0,Low,Low,Yes,8.8,62.8,Low,Yes,2.0,49.2
19.3,62.2,Medium,High,No,8.6,76.9,Low,Yes,0.0,57.6
13.1,95.7,Medium,Low,Yes,5.6,61.5,Low,Yes,1.0,51.8
12.2,75.5,Medium,Medium,Yes,6.2,53.5,Low,Yes,2.0,48.7
19.4,63.1,Medium,Low,No,6.9,91.5,Low,Yes,0.0,57.0
19.0,71.1,High,High,Yes,7.1,95.2,Low,No,1.0,65.8
18.5,89.0,Medium,Low,Yes,8.6,83.5,Low,No,2.0,58.5
19.9,96.0,High,Low,No,9.0,72.5,Low,Yes,1.0,52.2
28.2,98.4,Medium,Medium,Yes,7.4,57.9,Low,Yes,1.0,59.6
27.1,81.8,Medium,High,Yes,8.9,99.9,Low,Yes,2.0,76.2
17.4,99.6,Medium,Low,Yes,7.8,96.8,Low,Yes,2.0,66.7
18.1,94.2,Low,Medium,Yes,5.6,95.0,Low,Yes,0.0,67.5
18.4,93.8,High,,Yes,6.7,76.1,Low,No,0.0,63.5
17.7,72.4,Medium,Low,Yes,7.6,94.9,Low,Yes,1.0,59.4
16.0,73.9,Low,High,Yes,6.2,95.6,Low,Yes,1.0,71.8
12.0,88.1,Medium,Low,Yes,6.8,83.5,Low,Yes,3.0,56.1
21.3,97.5,Medium,Medium,No,8.6,51.5,Low,Yes,3.0,54.7
21.7,96.3,Low,Medium,Yes,6.1,54.9,Low,Yes,2.0,55.0
18.2,63.3,High,Medium,No,7.4,93.4,Low,Yes,4.0,61.7
27.7,94.9,High,Medium,Yes,8.4,88.3,Low,Yes,1.0,70.5
19.8,70.1,Medium,Medium,Yes,7.8,55.5,Low,No,2.0,45.0
20.9,85.0,Medium,Medium,No,6.8,61.9,Low,Yes,0.0,50.9
27.7,,Medium,High,No,4.5,50.7,Low,Yes,3.0,60.1
23.5,90.2,Medium,Medium,No,7.6,61.6,Low,Yes,2.0,66.3
17.6,86.5,Medium,High,No,6.6,93.0,Low,Yes,1.0,65.1
11.0,,Medium,High,Yes,4.4,76.3,Low,Yes,2.0,57.7
23.5,77.1,Medium,Medium,Yes,6.2,63.8,Low,Yes,1.0,59.1
15.5,94.0,Medium,High,Yes,5.4,97.7,Low,Yes,2.0,69.1
26.5,64.4,Low,Medium,No,6.4,92.6,Low,Yes,2.0,64.8
23.6,97.0,High,Medium,Yes,8.7,92.0,Low,Yes,0.0,67.6
23.9,86.5,High,Medium,No,6.3,86.3,Low,Yes,0.0,61.6
21.2,86.2,Medium,Medium,Yes,7.0,57.2,Low,,0.0,54.7
30.5,84.5,Medium,Low,Yes,8.2,91.4,Low,No,1.0,68.6
15.8,91.1,Medium,High,Yes,6.5,69.5,Low,Yes,1.0,56.2
17.0,62.6,Medium,Low,Yes,7.1,54.1,Low,Yes,2.0,34.9
19.5,72.8,Medium,Low,No,4.0,90.9,Low,Yes,4.0,59.0
21.1,70.8,Medium,High,Yes,5.5,96.2,Low,Yes,0.0,60.0
29.0,68.7,Medium,Medium,No,5.7,83.4,Low,Yes,2.0,59.7
10.5,60.2,Medium,Low,Yes,7.6,74.9,Low,Yes,1.0,43.1
20.3,91.2,Low,Medium,No,8.0,65.5,Low,Yes,1.0,50.7
14.0,89.1,High,High,Yes,4.0,53.6,Low,Yes,3.0,55.5
21.7,73.1,Medium,High,Yes,7.2,95.3,Low,Yes,,66.0
14.4,66.7,Medium,Low,Yes,6.5,99.0,Low,Yes,0.0,56.0
16.3,60.3,Medium,Low,Yes,7.8,58.5,Low,Yes,3.0,42.3
24.7,88.7,Medium,Low,Yes,6.9,72.9,Low,Yes,1.0,66.0
18.2,98.0,Medium,High,No,7.2,82.0,Low,Yes,0.0,66.6
23.1,70.1,Low,High,Yes,6.4,86.1,Low,,2.0,59.1
25.6,87.5,Medium,Medium,Yes,7.0,73.0,Low,Yes,2.0,57.8
27.3,83.3,Medium,Medium,Yes,8.5,97.1,Low,Yes,0.0,65.3
26.7,96.6,Medium,Medium,Yes,6.0,60.1,Low,Yes,1.0,61.8
14.4,85.4,Medium,Medium,Yes,10.0,86.8,Low,Yes,3.0,66.3
20.0,93.4,Medium,High,Yes,8.4,98.2,Low,Yes,2.0,70.2
15.1,95.6,High,Medium,Yes,6.5,67.6,Low,Yes,3.0,56.9
17.7,64.2,Low,Medium,Yes,10.0,65.2,Low,Yes,1.0,43.1
23.5,69.5,High,Medium,Yes,5.2,57.6,Low,Yes,4.0,48.9
22.5,97.8,Medium,Low,Yes,7.8,81.6,Low,Yes,1.0,63.3
27.6,74.4,High,Medium,Yes,8.4,56.1,Low,Yes,0.0,50.6
31.1,63.6,High,High,No,9.5,55.6,Low,Yes,1.0,56.8
14.0,60.2,High,Medium,Yes,7.7,82.8,Low,Yes,1.0,49.3
19.4,94.4,Medium,Medium,Yes,8.9,81.6,Low,Yes,1.0,61.2
19.2,68.6,Medium,High,Yes,7.4,80.6,Low,Yes,3.0,69.7
20.2,95.1,Medium,Medium,Yes,7.2,52.3,Low,Yes,2.0,53.9
22.1,70.5,Low,Medium,,6.3,98.6,Low,No,2.0,65.5
16.1,73.2,Medium,Low,No,8.1,79.6,Low,Yes,0.0,58.9
15.8,94.9,Medium,Medium,No,6.9,82.8,Low,Yes,1.0,60.3
25.5,80.0,Medium,High,Yes,8.3,88.8,Low,No,0.0,69.0
31.3,72.2,Low,High,No,8.7,86.7,Low,No,0.0,62.7
22.4,66.6,Medium,High,Yes,6.0,73.5,Low,Yes,1.0,61.0
14.5,73.3,High,High,No,6.3,85.9,Low,Yes,4.0,59.4
21.5,93.5,High,Medium,No,6.7,98.6,Low,Yes,2.0,64.2
20.1,72.6,Low,Low,No,5.4,98.7,Low,Yes,3.0,65.7
26.7,99.2,High,High,Yes,7.3,94.3,Low,Yes,0.0,80.4
34.4,76.7,Low,Medium,Yes,6.7,90.1,Low,Yes,2.0,71.2
18.3,68.7,Medium,Medium,No,7.2,70.8,Low,Yes,2.0,51.8
23.6,78.0,Medium,Medium,No,8.4,88.1,Low,Yes,1.0,62.9
17.5,72.0,Medium,High,No,6.0,80.0,Low,No,0.0,57.3
15.4,69.2,High,Medium,Yes,6.8,72.6,Low,Yes,2.0,51.0
9.6,90.0,High,Medium,No,9.0,96.3,Low,Yes,2.0,56.4
29.5,87.8,Medium,Medium,Yes,7.5,65.5,Low,Yes,1.0,57.7
18.0,64.4,High,High,Yes,6.7,85.5,Low,Yes,2.0,62.7
19.3,61.3,Low,Low,Yes,8.4,67.6,Low,Yes,2.0,52.7
21.7,62.1,High,Medium,Yes,7.7,52.6,Low,Yes,1.0,41.8
20.0,72.9,High,Medium,Yes,7.5,73.0,Low,Yes,1.0,44.8
25.9,68.0,Medium,High,Yes,8.0,95.0,Low,Yes,0.0,60.3
27.0,63.4,Medium,High,No,8.7,92.2,Low,Yes,1.0,61.5
14.3,94.6,Medium,High,No,7.1,51.3,Low,Yes,3.0,47.7
11.5,97.8,Medium,Medium,No,5.5,60.8,Low,Yes,2.0,47.1
32.9,88.4,Low,Medium,Yes,9.8,62.7,Low,Yes,1.0,55.7
20.6,63.6,Medium,Low,Yes,9.3,98.3,Low,Yes,1.0,63.2
11.5,96.7,Medium,Medium,Yes,8.5,62.3,Low,Yes,1.0,45.7
23.5,66.7,High,Medium,No,8.3,91.9,Low,No,3.0,60.7
18.2,67.8,Medium,Medium,No,5.8,64.2,Low,Yes,1.0,46.4
26.2,90.9,Medium,Medium,No,6.5,52.1,Low,Yes,2.0,49.9
26.2,74.7,Low,High,No,4.7,61.0,Low,Yes,3.0,59.8
20.3,98.3,Medium,High,Yes,7.3,74.8,Low,Yes,1.0,62.2
17.2,63.4,Medium,Medium,No,6.4,66.5,Low,Yes,5.0,55.3
26.3,80.2,High,Medium,No,8.8,50.9,Low,Yes,1.0,54.2
19.2,69.9,Medium,Low,Yes,10.0,75.9,Low,Yes,0.0,50.6
11.1,62.1,High,High,Yes,6.7,83.6,Low,Yes,1.0,51.4
29.5,85.8,High,Medium,Yes,5.9,71.0,Low,No,2.0,64.7
19.2,89.7,Low,High,Yes,4.1,65.8,Low,Yes,2.0,61.6
27.6,64.4,Medium,High,No,10.0,59.0,Low,Yes,2.0,50.0
14.0,85.5,Medium,Medium,Yes,7.2,57.6,Low,Yes,2.0,46.8
22.5,82.1,Medium,Medium,No,7.3,75.0,Low,Yes,0.0,55.2
27.5,99.5,High,Medium,Yes,7.5,95.6,Low,Yes,0.0,70.3
18.0,65.6,Medium,High,No,6.3,81.1,Low,Yes,1.0,54.9
25.5,97.0,Low,Medium,Yes,6.9,97.1,Low,Yes,0.0,66.6
7.6,69.3,High,Medium,Yes,8.4,87.0,Low,Yes,2.0,53.9
17.8,74.2,High,High,Yes,5.0,53.8,Low,Yes,1.0,52.0
17.7,95.5,Medium,High,Yes,9.1,71.9,Low,Yes,0.0,54.5
28.5,99.4,High,Low,Yes,6.3,60.2,Low,Yes,2.0,61.1
22.1,81.7,High,Low,Yes,6.2,62.8,Low,Yes,3.0,57.8
20.7,81.2,Medium,Low,Yes,8.7,69.2,Low,No,3.0,55.3
19.4,80.7,High,Low,No,7.5,76.3,Low,Yes,1.0,55.9
14.2,99.9,Medium,High,Yes,9.8,88.9,Low,Yes,0.0,67.5
16.9,62.3,Medium,Medium,Yes,7.4,97.9,Low,Yes,2.0,73.5
21.8,83.6,Medium,Low,Yes,5.7,98.1,Low,Yes,2.0,69.6
19.6,75.6,Low,Medium,No,8.3,81.7,Low,Yes,2.0,60.6
26.8,66.4,High,Medium,No,8.6,59.9,Low,Yes,2.0,53.5
19.1,94.2,High,Medium,Yes,6.5,52.0,Low,Yes,1.0,53.7
28.7,69.5,High,High,Yes,7.4,64.4,Low,Yes,2.0,55.0
3.3,95.7,Medium,High,No,9.3,57.1,Low,Yes,0.0,48.1
23.3,87.1,Medium,Medium,No,5.4,82.6,Low,Yes,1.0,68.8
24.4,70.2,Medium,Medium,Yes,5.1,69.1,Low,,1.0,56.6
20.5,61.5,Medium,Medium,No,6.7,98.3,Low,Yes,2.0,59.3
8.6,80.0,High,Medium,No,6.3,95.6,Low,Yes,2.0,60.5
27.5,77.7,Medium,Medium,Yes,9.1,68.3,Low,Yes,3.0,57.1
28.2,82.6,Medium,High,Yes,8.4,66.1,Low,Yes,2.0,67.0
23.6,86.7,Medium,Medium,No,6.7,97.2,Low,Yes,2.0,75.3
24.8,84.3,Medium,High,No,9.4,65.6,Low,Yes,4.0,62.8
11.2,82.0,Medium,Medium,No,7.6,66.4,Low,Yes,2.0,52.9
18.3,76.1,Low,Medium,Yes,6.1,81.3,Low,Yes,0.0,57.4
12.1,87.6,Medium,Medium,No,7.2,65.6,Low,Yes,2.0,51.0
21.5,70.0,Medium,Low,Yes,5.4,54.5,Low,Yes,1.0,49.4
27.4,92.6,Low,Medium,No,7.6,97.1,Low,No,2.0,78.4
18.6,91.3,Medium,High,No,8.8,75.8,Low,Yes,0.0,52.7
20.8,73.0,Medium,High,Yes,6.9,96.2,Low,Yes,1.0,64.9
21.2,76.0,Low,Medium,Yes,9.2,70.9,Low,Yes,2.0,61.5
20.0,65.6,Medium,Low,Yes,5.5,97.1,Low,,0.0,52.0
29.1,77.3,Medium,Medium,No,6.0,61.6,Low,Yes,1.0,54.0
18.6,78.1,Medium,High,No,10.0,93.3,Low,Yes,2.0,58.7
23.8,97.3,Low,Medium,Yes,8.5,67.7,Low,Yes,3.0,64.0
15.9,60.7,Medium,Low,No,6.1,74.6,Low,Yes,4.0,57.6
18.5,92.4,Medium,Medium,Yes,6.4,79.0,Low,Yes,,59.9
18.1,71.7,Medium,High,Yes,8.4,86.4,Low,Yes,1.0,56.7
19.5,82.5,Medium,High,Yes,8.5,71.5,Low,Yes,1.0,57.3
26.6,98.0,Medium,Medium,Yes,10.0,67.6,Low,Yes,0.0,53.5
33.4,60.8,Medium,Medium,Yes,9.4,71.9,Low,Yes,2.0,63.2
16.9,72.5,Medium,Low,No,9.0,85.5,Low,Yes,4.0,59.7
9.3,67.4,Medium,High,Yes,7.0,56.8,Low,No,4.0,52.6
20.5,83.6,Medium,High,No,7.3,54.4,Low,Yes,3.0,51.7
9.8,69.6,Low,Low,No,8.8,77.8,Low,Yes,0.0,47.0
20.7,66.8,High,Medium,No,8.6,93.3,Low,Yes,1.0,62.0
20.7,86.2,Low,Low,No,7.2,78.2,Low,Yes,1.0,59.0
15.3,95.4,Medium,Medium,No,6.0,97.2,Low,Yes,1.0,69.1
19.0,97.6,Medium,Medium,Yes,5.6,87.2,Low,Yes,1.0,64.4
24.9,88.2,Medium,High,No,8.2,53.4,Low,Yes,0.0,51.9
14.5,69.7,High,Medium,Yes,5.7,62.0,Low,Yes,4.0,54.7
35.6,94.4,High,Medium,No,4.6,55.7,Low,No,1.0,61.2
27.5,81.1,Medium,Medium,Yes,6.0,81.2,Low,Yes,2.0,65.4
22.2,79.4,Low,Low,Yes,8.1,54.0,Low,Yes,1.0,44.0
22.7,72.4,High,Medium,Yes,8.4,57.1,Low,No,1.0,47.3
25.2,82.2,Medium,Medium,Yes,7.0,78.5,Low,Yes,0.0,64.1
20.2,62.2,High,High,Yes,8.1,66.2,Low,Yes,0.0,46.7
22.7,,High,,Yes,6.8,65.8,Low,Yes,1.0,52.5
19.4,94.4,Low,High,Yes,6.3,54.7,Low,Yes,1.0,48.6
12.8,87.0,High,Low,Yes,7.9,50.9,Low,Yes,1.0,38.7
1.1,69.1,Medium,Medium,No,9.3,51.9,Low,No,2.0,36.8
34.4,81.7,Medium,Medium,No,6.5,87.5,Low,Yes,2.0,75.7
32.4,90.4,Medium,High,Yes,6.0,70.1,Low,Yes,1.0,71.1
19.6,89.0,Medium,High,No,8.0,74.9,Low,Yes,1.0,65.9
18.8,74.0,High,Medium,Yes,8.4,68.0,Low,Yes,0.0,50.6
14.4,73.8,Medium,High,No,7.7,78.0,Low,,1.0,59.9
13.0,86.7,Medium,Medium,Yes,6.1,52.8,Low,Yes,3.0,56.0
18.8,71.4,Medium,Medium,Yes,4.6,65.2,Low,Yes,1.0,52.1
17.3,77.3,Medium,Medium,No,8.6,55.5,Low,Yes,1.0,47.4
30.3,86.8,Medium,Medium,Yes,9.3,70.3,Low,Yes,2.0,59.6
11.5,99.7,High,Low,No,7.2,55.2,Low,No,4.0,49.7
6.3,85.1,High,Medium,No,7.7,70.0,Low,Yes,1.0,40.3
24.2,90.8,Medium,High,Yes,7.4,64.6,Low,Yes,2.0,56.0
25.2,87.0,High,Low,No,9.0,71.6,Low,Yes,1.0,54.0
14.1,66.3,Medium,Medium,No,8.0,99.7,Low,Yes,0.0,60.3
24.0,96.3,Medium,Medium,Yes,8.9,66.6,Low,Yes,3.0,60.4
10.8,92.8,Medium,Medium,Yes,8.5,98.2,Low,Yes,2.0,62.3
22.6,95.7,Medium,Medium,Yes,6.1,72.1,Low,Yes,1.0,65.3
22.2,86.3,High,Medium,No,8.3,58.3,Low,Yes,4.0,58.4
25.9,96.4,Medium,High,Yes,6.1,52.5,Low,Yes,2.0,53.9
25.3,68.9,Medium,Low,No,6.8,92.6,Low,Yes,3.0,69.3
23.7,76.2,High,High,No,10.0,60.2,Low,Yes,1.0,54.0
19.4,78.9,Low,Medium,Yes,8.2,52.6,Low,Yes,3.0,52.1
13.1,66.2,Medium,Low,No,5.8,95.2,Low,Yes,1.0,52.6
14.2,93.8,High,Low,No,4.9,99.3,Low,Yes,0.0,59.0
20.0,86.2,High,High,No,6.7,53.9,Low,Yes,2.0,59.4
20.2,72.3,Low,Medium,No,5.9,84.3,Low,Yes,1.0,57.6
7.2,86.5,High,Low,Yes,7.1,95.4,Low,No,4.0,61.3
9.7,97.6,Medium,Medium,No,7.6,79.9,Low,Yes,2.0,52.4
23.3,67.5,Medium,Medium,No,6.6,73.8,Low,Yes,4.0,62.8
14.9,98.8,Low,Low,No,7.3,83.0,Low,,0.0,59.6
23.2,86.2,Medium,Medium,Yes,4.1,99.5,Low,Yes,2.0,72.4
25.5,72.5,Medium,Medium,Yes,8.0,57.3,Low,Yes,2.0,42.6
23.5,87.8,Low,Medium,No,8.6,54.4,Low,Yes,1.0,56.3
27.8,72.2,High,High,Yes,8.0,51.7,Low,Yes,2.0,56.9
21.9,78.5,High,Medium,Yes,9.1,74.0,Low,Yes,2.0,56.6
31.3,77.2,Low,Medium,No,8.4,50.3,Low,Yes,2.0,51.2
20.9,62.6,Medium,Medium,Yes,6.3,73.4,Low,Yes,1.0,56.4
16.0,65.3,Medium,High,No,7.4,68.8,Low,Yes,2.0,46.5
12.8,99.9,Low,High,No,7.4,70.0,Low,Yes,0.0,52.9
34.4,61.1,Medium,High,Yes,7.5,72.3,Low,No,2.0,66.1
19.1,95.7,Low,Low,Yes,8.2,,Low,Yes,2.0,58.6
16.9,96.6,Medium,Medium,Yes,5.6,78.2,Low,Yes,3.0,62.5
18.3,60.1,Medium,Medium,Yes,8.4,93.0,Low,Yes,0.0,54.3
21.1,83.2,Medium,Medium,No,8.4,92.2,Low,Yes,1.0,60.0
16.6,,Medium,High,No,6.9,98.1,Low,No,0.0,60.8
21.3,99.6,Medium,High,Yes,7.5,85.2,Low,No,3.0,62.8
26.9,98.7,Medium,Low,Yes,8.2,84.2,Low,Yes,5.0,72.0
17.3,76.0,Low,Medium,No,6.7,52.2,Low,Yes,2.0,38.7
15.5,74.5,Low,Medium,No,5.4,78.7,Low,Yes,2.0,51.4
14.5,76.6,Medium,High,No,7.4,81.4,Low,Yes,0.0,55.2
19.5,86.4,Medium,Medium,Yes,7.1,75.8,Low,No,2.0,63.2
27.9,86.7,Medium,High,Yes,8.1,64.0,Low,Yes,3.0,68.9
18.7,65.7,Low,High,Yes,6.7,85.3,Low,Yes,3.0,67.5
22.9,65.0,Medium,Low,Yes,6.0,76.0,Low,Yes,1.0,57.4
18.4,75.3,High,High,No,7.9,56.1,Low,Yes,6.0,53.0
21.7,70.8,High,Low,No,7.2,90.3,Low,Yes,1.0,57.5
19.7,90.4,Medium,High,Yes,8.1,97.6,Low,Yes,3.0,72.8
8.7,71.4,Low,High,No,5.3,73.6,Low,Yes,1.0,50.9
16.2,91.9,High,Low,No,8.2,89.7,Low,Yes,5.0,70.0
18.4,91.0,Low,Medium,No,8.3,56.2,Low,Yes,2.0,50.7
21.0,85.4,Low,Medium,No,6.4,67.2,Low,Yes,1.0,58.4
31.2,90.9,Medium,High,Yes,5.0,60.6,Low,Yes,3.0,61.4
16.0,71.3,Medium,Medium,No,9.1,86.4,Low,Yes,2.0,59.4
22.8,63.2,High,High,No,6.9,74.0,Low,Yes,1.0,59.4
23.2,94.6,Low,Medium,Yes,6.6,64.0,Low,,2.0,58.9
23.0,64.3,High,Medium,Yes,5.1,84.6,Low,No,2.0,52.7
24.6,66.4,Low,High,No,7.5,60.4,Low,Yes,3.0,61.4
16.0,62.4,High,Medium,No,5.0,63.2,Low,Yes,1.0,37.7
13.8,87.3,Medium,Low,No,8.4,97.5,Low,No,2.0,59.9
19.9,96.1,Medium,Medium,Yes,7.0,98.5,Low,Yes,2.0,66.6
18.8,95.4,Medium,Low,Yes,5.7,88.3,Low,Yes,2.0,67.2
20.7,71.0,Medium,Low,Yes,4.0,79.1,Low,Yes,1.0,49.1
25.5,81.1,Low,Medium,Yes,7.8,75.8,Low,Yes,1.0,55.6
18.9,99.1,Medium,High,Yes,7.4,55.4,Low,Yes,2.0,52.6
15.7,80.5,Medium,High,Yes,8.6,65.5,Low,Yes,1.0,55.0
22.9,68.8,High,Medium,No,7.0,59.0,Low,Yes,7.0,53.9
20.4,87.1,Medium,Medium,Yes,10.0,55.4,Low,Yes,3.0,52.6
25.1,99.4,Medium,Low,Yes,9.7,81.6,Low,Yes,2.0,69.7
20.4,87.5,High,High,Yes,7.8,55.8,Low,No,0.0,47.8
19.3,93.3,High,Low,No,5.8,72.1,Low,Yes,0.0,60.7
25.0,65.7,Medium,High,No,6.5,95.6,Low,Yes,3.0,70.8
19.1,98.5,High,High,Yes,9.3,56.7,Low,Yes,0.0,51.2
5.2,87.5,High,Medium,No,7.3,75.3,Low,Yes,0.0,41.7
12.4,82.0,Medium,Medium,Yes,7.8,83.4,Low,Yes,2.0,62.4
26.7,60.3,Low,High,Yes,6.0,52.9,Low,Yes,0.0,44.3
21.6,81.2,High,High,Yes,8.2,52.7,Low,Yes,2.0,59.2
17.6,75.8,Low,Medium,Yes,5.5,56.7,Low,Yes,0.0,42.4
18.8,77.6,Medium,Medium,No,7.2,92.5,Low,Yes,1.0,59.7
19.9,88.7,Medium,Medium,Yes,7.3,52.4,Low,Yes,2.0,50.1
17.7,76.7,Medium,Low,Yes,9.1,87.9,Low,Yes,0.0,61.6
22.2,69.7,Medium,Medium,Yes,4.7,69.1,Low,Yes,1.0,46.8
24.1,70.1,Medium,Medium,No,8.1,96.0,Low,Yes,1.0,59.3
32.8,84.4,Medium,Low,No,8.1,88.4,Low,Yes,2.0,70.2
13.9,70.5,Medium,Low,No,6.8,91.3,Low,Yes,0.0,57.9
15.6,64.0,Low,Medium,No,5.1,96.6,Low,Yes,3.0,57.6
19.8,84.7,Medium,High,No,6.4,63.8,Low,Yes,0.0,53.8
27.6,75.4,High,High,No,6.9,78.9,Low,Yes,0.0,69.9
7.9,63.4,High,Low,Yes,6.0,50.2,Low,Yes,1.0,37.2
20.5,91.6,Medium,Medium,No,7.7,82.2,Low,Yes,1.0,53.6
20.3,67.7,Low,High,No,6.4,74.8,Low,Yes,2.0,57.7
19.8,,Medium,High,Yes,5.2,62.4,Low,Yes,2.0,52.4
11.8,79.0,High,High,,7.5,85.3,Low,Yes,1.0,55.5
31.8,95.4,Medium,High,No,8.8,76.1,Low,Yes,1.0,66.7
15.2,94.9,Medium,Medium,Yes,7.2,85.4,Low,No,1.0,58.5
15.9,86.1,Medium,Medium,No,7.8,97.4,Low,Yes,1.0,58.4
19.2,88.6,High,Low,Yes,5.6,51.7,Low,Yes,1.0,51.5
19.1,65.8,High,High,Yes,9.9,94.1,Low,Yes,0.0,62.4
15.5,68.2,,Medium,Yes,5.2,86.1,Low,Yes,4.0,55.8
22.1,95.0,Medium,High,Yes,5.6,99.9,Low,Yes,2.0,75.3
25.2,97.7,Medium,Low,Yes,8.6,56.3,Low,Yes,1.0,55.3
24.1,71.8,Medium,Low,No,10.0,52.0,Low,Yes,1.0,46.1
9.8,65.9,Medium,Medium,Yes,8.0,70.8,Low,Yes,1.0,36.3
19.2,87.5,Medium,High,Yes,4.0,86.3,Low,Yes,3.0,70.3
18.7,98.1,Medium,Medium,Yes,7.7,80.0,Low,Yes,1.0,63.6
14.5,90.3,Medium,Medium,Yes,6.9,82.2,Low,Yes,2.0,55.6
27.7,97.4,High,Medium,No,10.0,75.5,Low,Yes,0.0,65.2
23.9,82.9,High,High,Yes,6.7,94.4,Low,Yes,2.0,71.2
13.9,87.3,Medium,Medium,No,5.1,87.7,Low,Yes,0.0,51.8
13.4,95.5,High,Low,Yes,9.3,66.7,Low,Yes,1.0,51.3
25.8,66.4,Medium,Medium,No,7.9,81.8,Low,Yes,2.0,66.7
19.1,97.9,Low,Medium,Yes,8.9,57.6,Low,No,2.0,58.7
21.4,95.2,Medium,Medium,Yes,6.4,77.0,Low,Yes,3.0,65.4
16.2,83.0,Low,Medium,No,4.1,62.2,Low,Yes,2.0,41.8
30.0,70.3,Low,Low,Yes,4.0,64.9,Low,Yes,3.0,56.2
21.4,69.2,Medium,Medium,Yes,6.7,69.5,Low,Yes,1.0,50.3
18.2,75.2,Medium,Medium,Yes,7.6,58.1,Low,Yes,2.0,55.9
22.7,75.6,,Medium,No,6.3,88.2,Low,Yes,2.0,61.4
19.1,61.5,Medium,High,No,6.8,54.1,Low,Yes,2.0,40.1
24.2,,Medium,Medium,Yes,7.2,88.6,Low,Yes,2.0,58.5
21.0,88.0,Medium,Low,Yes,8.0,54.3,Low,Yes,3.0,49.7
,82.8,High,High,No,9.6,77.3,Low,Yes,1.0,63.9
14.0,61.7,Medium,High,Yes,8.9,80.5,Low,Yes,2.0,60.8
23.9,61.9,Medium,Medium,Yes,7.3,83.1,Low,Yes,3.0,62.8
37.2,95.6,High,High,No,8.0,53.3,Low,No,1.0,56.2
19.2,68.4,Medium,High,Yes,7.3,90.7,Low,Yes,3.0,71.7
15.0,91.3,Medium,Medium,Yes,4.1,91.6,Low,Yes,3.0,68.6
32.6,78.9,Low,Medium,Yes,7.9,87.6,Low,Yes,0.0,72.3
29.3,60.9,Low,Low,Yes,8.2,91.0,Low,Yes,3.0,58.3
,93.4,Medium,Medium,Yes,8.4,93.6,Low,Yes,2.0,60.1
20.9,64.6,Medium,Medium,Yes,8.2,85.8,Low,Yes,3.0,63.7
22.8,62.1,High,Low,Yes,5.8,97.7,Low,Yes,4.0,62.7
20.4,65.8,High,High,Yes,8.4,69.5,Low,Yes,1.0,51.6
25.7,94.3,High,High,No,8.1,57.6,Low,Yes,0.0,52.7
16.7,83.1,High,Medium,No,6.7,50.2,Low,No,3.0,49.0
10.0,91.0,Medium,Medium,Yes,9.5,83.7,Low,Yes,0.0,48.9
11.3,88.8,Medium,Medium,No,8.9,73.1,Low,Yes,1.0,46.3
23.5,95.2,Medium,Medium,No,6.8,62.1,Low,Yes,0.0,53.4
15.2,88.3,Low,Medium,No,7.2,89.0,Low,Yes,1.0,55.0
23.3,98.9,Medium,Medium,Yes,6.8,66.5,Low,Yes,1.0,59.7
18.2,92.6,High,Medium,Yes,5.4,64.7,Low,Yes,1.0,60.0
20.1,63.1,High,High,Yes,5.6,96.2,Low,Yes,2.0,70.3
28.5,68.5,High,High,Yes,10.0,64.6,Low,Yes,0.0,54.2
14.6,68.4,Low,High,No,7.7,86.1,Low,Yes,1.0,56.1
25.4,76.7,Medium,Medium,No,8.2,70.0,Low,Yes,2.0,57.2
29.3,80.3,High,,No,5.6,94.3,Low,Yes,3.0,74.7
22.8,88.9,High,Medium,Yes,6.0,97.7,Low,Yes,4.0,76.0
18.0,63.4,High,Medium,No,6.8,77.7,Low,No,0.0,50.7
17.3,92.5,Low,Low,Yes,7.4,60.1,Low,Yes,0.0,33.0
14.7,90.7,Medium,Medium,Yes,4.7,91.2,Low,Yes,1.0,61.8
26.0,73.2,High,High,No,8.5,72.9,Low,Yes,2.0,63.9
25.6,70.4,Medium,Medium,No,8.2,81.9,Low,Yes,1.0,60.2
25.4,90.5,Medium,Low,Yes,6.8,70.6,Low,Yes,2.0,60.3
22.5,78.2,Low,Medium,Yes,8.9,70.6,Low,Yes,2.0,61.7
23.5,67.3,High,Low,No,7.7,64.8,Low,Yes,2.0,57.6
30.5,63.1,Medium,Medium,Yes,5.8,66.3,Low,Yes,3.0,52.4
24.1,99.4,Medium,Medium,Yes,7.6,73.0,Low,Yes,2.0,67.7
23.7,97.3,High,High,Yes,7.7,66.4,Low,Yes,2.0,62.5
14.6,65.2,Medium,Medium,No,5.5,62.8,Low,Yes,0.0,40.8
24.9,61.8,Medium,Medium,No,8.2,83.6,Low,Yes,0.0,52.0
14.8,86.1,Low,Medium,No,6.6,82.9,Low,Yes,2.0,58.0
18.0,63.3,High,Medium,No,7.8,98.6,Low,Yes,0.0,63.9
27.1,86.4,Medium,High,Yes,8.8,88.9,Low,Yes,4.0,72.4
25.5,85.8,Medium,Medium,Yes,7.7,83.3,Low,Yes,1.0,62.2
21.0,89.4,Low,Medium,Yes,7.5,76.5,Low,Yes,0.0,63.1
16.3,78.3,Medium,High,Yes,9.4,69.8,Low,Yes,1.0,49.5
23.5,60.4,High,Medium,No,8.1,64.3,Low,Yes,0.0,53.5
26.5,80.1,Medium,High,No,7.4,54.5,Low,Yes,1.0,58.0
10.7,94.1,Medium,Medium,Yes,7.7,97.9,Low,Yes,3.0,67.2
16.5,99.6,Medium,High,Yes,5.5,80.6,Low,Yes,1.0,61.7
16.2,86.9,Medium,High,Yes,7.6,83.5,Low,Yes,1.0,58.8
21.0,88.5,Low,Medium,Yes,8.2,58.1,Low,Yes,2.0,52.3
8.6,64.2,Low,Low,Yes,8.5,88.4,Low,Yes,2.0,54.9
26.7,86.1,Medium,Medium,No,7.8,59.1,Low,Yes,1.0,57.3
6.1,70.8,Medium,Medium,Yes,7.4,60.5,Low,Yes,1.0,37.8
27.9,71.0,Low,Low,No,9.1,81.9,Low,No,2.0,67.9
13.8,,Medium,Low,No,8.0,61.5,Low,Yes,0.0,45.3
21.5,65.5,Medium,Medium,Yes,7.8,82.7,Low,Yes,2.0,56.2
11.3,85.6,Medium,Medium,Yes,10.0,82.9,Low,Yes,1.0,56.2
14.5,80.5,Medium,Low,Yes,6.8,52.0,Low,Yes,3.0,47.8
20.5,63.6,Medium,Low,No,9.5,91.1,Low,Yes,1.0,61.6
18.6,90.0,High,High,Yes,8.0,80.0,Low,No,2.0,60.8
16.5,72.9,Medium,Medium,Yes,8.1,82.1,Low,Yes,1.0,63.1
14.6,97.7,Low,Low,No,7.1,51.0,Low,Yes,1.0,40.6
23.0,93.2,Medium,High,No,7.3,94.9,Low,Yes,4.0,72.1
26.3,87.4,Medium,Medium,Yes,6.5,96.9,Low,Yes,0.0,66.7
29.4,77.1,Medium,Medium,Yes,8.6,70.8,Low,Yes,6.0,66.8
32.5,83.4,Low,Low,Yes,6.8,85.3,Low,,1.0,65.7
23.0,64.2,High,High,Yes,5.0,56.0,Low,Yes,3.0,54.5
15.9,96.0,High,Medium,No,7.1,63.4,Low,Yes,0.0,47.2
20.3,68.5,High,Medium,No,8.6,67.9,Low,Yes,3.0,54.2
13.9,97.1,High,High,Yes,6.6,70.6,Low,Yes,1.0,55.9
17.8,71.3,Medium,Low,Yes,4.8,73.0,Low,Yes,3.0,53.5
14.9,82.8,Low,High,Yes,9.4,56.6,Low,Yes,3.0,52.0
30.6,62.4,Medium,High,Yes,7.5,89.9,Low,Yes,2.0,73.4
17.8,71.8,Medium,High,Yes,4.8,56.4,Low,Yes,2.0,44.7
13.2,74.8,Low,High,Yes,8.3,93.0,Low,Yes,1.0,61.2
21.1,71.8,Medium,Medium,Yes,8.6,97.3,Low,Yes,3.0,65.6
22.6,90.1,Medium,High,No,8.3,57.5,Low,Yes,4.0,64.4
25.2,96.7,Medium,High,Yes,6.0,74.0,Low,Yes,1.0,66.8
24.3,88.7,Medium,Low,Yes,6.7,66.0,Low,Yes,1.0,50.5
9.3,100.0,Low,Medium,Yes,5.9,61.3,Low,No,1.0,49.6
8.7,66.5,Medium,Medium,No,7.9,99.1,Low,Yes,6.0,63.1
24.7,71.6,Low,Medium,Yes,7.0,81.2,Low,Yes,0.0,61.9
17.0,64.9,High,Medium,No,7.9,88.9,Low,Yes,1.0,58.1
25.0,69.6,Low,Medium,Yes,6.7,61.0,Low,Yes,2.0,52.7
16.2,84.5,Medium,Medium,Yes,8.0,66.6,Low,Yes,1.0,45.8
16.7,70.9,Medium,High,Yes,6.2,63.9,Low,Yes,1.0,46.4
16.0,77.1,Medium,Medium,Yes,6.8,68.8,Low,Yes,3.0,50.2
18.3,90.5,High,High,Yes,5.8,53.7,Low,No,2.0,57.5
17.8,67.9,High,Low,No,6.8,81.4,Low,Yes,1.0,47.8
14.5,60.6,Low,High,No,8.3,94.5,Low,Yes,1.0,62.3
20.4,79.4,High,Medium,No,7.7,56.6,Low,Yes,3.0,51.1
16.5,85.4,Low,Low,Yes,4.3,67.1,Low,Yes,1.0,50.4
15.1,77.4,Medium,High,Yes,5.6,82.7,Low,Yes,1.0,54.8
19.2,75.9,Medium,Medium,No,7.3,78.6,Low,Yes,2.0,54.9
33.0,88.2,Low,Medium,Yes,5.2,98.8,Low,Yes,0.0,75.4
21.3,66.9,High,Medium,Yes,7.0,64.5,Low,Yes,2.0,46.1
27.0,96.2,Medium,High,No,7.5,73.5,Low,Yes,0.0,65.7
22.2,98.7,Low,Low,Yes,6.9,82.0,Low,Yes,1.0,66.7
31.7,63.3,High,Medium,No,7.0,64.9,Low,Yes,2.0,49.4
27.5,78.4,Medium,Medium,No,6.3,92.0,Low,Yes,0.0,70.6
26.3,93.3,Medium,High,No,7.4,57.3,Low,Yes,2.0,62.4
22.4,72.9,Medium,High,No,8.1,91.6,Low,Yes,1.0,70.0
43.6,86.2,High,Low,No,5.7,65.1,Low,Yes,3.0,65.4
12.9,62.7,High,Medium,No,8.4,53.7,Low,Yes,1.0,33.0
26.5,95.1,Medium,Medium,Yes,7.2,58.4,Low,Yes,1.0,53.8
14.7,80.6,High,High,Yes,4.5,52.2,Low,Yes,5.0,50.3
15.9,76.7,Medium,Medium,No,8.7,53.3,Low,Yes,1.0,44.8
20.6,95.8,Low,Medium,No,7.6,56.3,Low,Yes,1.0,58.8
16.0,93.1,Low,Medium,No,7.9,72.2,Low,Yes,1.0,60.9
15.5,76.2,Medium,Low,Yes,8.8,54.4,Low,Yes,0.0,43.0
20.2,94.9,Medium,Medium,Yes,5.4,54.8,Low,Yes,0.0,49.6
28.1,85.5,Medium,Low,Yes,5.6,62.7,Low,Yes,2.0,58.4
21.7,88.2,Low,Medium,Yes,5.0,54.6,Low,Yes,0.0,41.8
17.1,71.4,Low,Medium,No,5.0,54.9,Low,Yes,1.0,43.6
13.3,97.7,High,Medium,No,4.6,60.7,Low,Yes,0.0,46.4
22.4,92.7,Medium,Medium,Yes,6.1,60.7,Low,Yes,1.0,58.1
12.5,70.2,Medium,High,Yes,9.3,76.6,Low,Yes,2.0,62.5
23.6,84.4,High,High,No,6.8,66.3,Low,No,0.0,55.2
25.5,69.5,Medium,Low,Yes,8.4,80.7,Low,Yes,2.0,57.8
28.0,81.4,Medium,Medium,Yes,5.1,76.1,Low,Yes,3.0,71.4
25.8,78.9,Medium,High,Yes,6.8,,Low,,3.0,67.5
17.8,80.8,Medium,Medium,Yes,9.1,55.0,Low,Yes,0.0,48.0
27.2,68.1,Low,Low,Yes,6.6,72.7,Low,Yes,4.0,57.3
19.3,64.0,Medium,High,Yes,8.1,63.2,Low,Yes,0.0,52.1
14.5,67.7,Medium,Low,No,6.8,90.2,Low,Yes,1.0,56.7
22.3,87.1,Medium,Medium,Yes,7.5,97.7,Low,Yes,1.0,71.2
15.5,78.1,Medium,High,Yes,8.6,68.0,Low,Yes,1.0,52.5
19.2,68.4,High,High,No,8.0,80.0,Low,No,1.0,57.6
21.2,90.7,Medium,Medium,No,10.0,53.4,Low,Yes,3.0,52.6
15.1,65.7,Medium,Medium,Yes,9.4,84.1,Low,Yes,1.0,54.4
21.7,99.8,Medium,High,Yes,6.7,53.0,Low,Yes,5.0,64.5
18.7,86.8,Medium,Medium,Yes,7.7,89.7,Low,Yes,1.0,65.8
13.3,71.6,Medium,Low,No,8.6,87.5,Low,Yes,3.0,61.2
18.4,63.6,High,Medium,No,4.9,73.6,Low,Yes,1.0,53.0
22.7,70.4,Medium,Medium,Yes,7.7,93.1,Low,Yes,4.0,73.6
24.8,71.7,Medium,Medium,Yes,6.4,85.7,Low,Yes,0.0,60.5
39.1,78.4,Medium,High,Yes,7.2,80.3,Low,Yes,2.0,66.3
20.4,95.6,,Medium,No,8.4,56.9,Low,Yes,0.0,55.3
14.2,93.7,Medium,Medium,Yes,6.8,61.9,Low,Yes,1.0,48.0
25.9,69.4,Medium,High,No,8.1,,Low,Yes,0.0,67.5
21.4,96.3,Low,Medium,Yes,7.2,60.3,Low,Yes,0.0,49.4
27.1,70.4,Low,Medium,Yes,7.9,58.9,Low,No,2.0,54.7
28.2,75.5,Medium,High,Yes,9.5,99.3,Low,Yes,3.0,77.8
20.4,98.2,Medium,Low,No,7.7,77.0,Low,No,4.0,73.9
21.4,80.3,Medium,High,No,7.4,78.0,Low,Yes,1.0,57.9
17.3,64.9,Medium,Medium,Yes,8.7,94.1,Low,Yes,0.0,62.1
15.1,83.0,High,High,Yes,8.9,80.9,Low,Yes,2.0,60.7
23.9,64.6,,Medium,Yes,5.9,80.8,Low,,2.0,62.1
17.6,84.7,High,Medium,No,8.1,87.9,Low,Yes,3.0,71.1
16.8,84.6,,High,Yes,7.4,79.2,Low,Yes,0.0,57.8
16.0,88.8,Medium,Low,No,8.1,56.0,Low,Yes,1.0,40.9
17.6,98.4,Medium,Low,Yes,7.8,72.8,Low,Yes,1.0,61.1
17.1,92.6,High,Medium,Yes,8.9,78.2,Low,Yes,2.0,63.1
20.7,63.7,Medium,Medium,No,7.2,82.4,Low,Yes,1.0,55.7
20.6,83.0,High,Low,Yes,7.8,91.4,Low,Yes,1.0,62.4
26.9,82.7,Medium,Medium,Yes,5.2,68.5,Low,Yes,1.0,57.8
19.9,67.3,High,Medium,Yes,7.4,83.7,Low,Yes,0.0,54.6
15.2,72.4,High,Low,No,8.1,84.0,Low,Yes,1.0,48.7
24.9,67.1,High,Medium,No,8.4,86.5,Low,Yes,2.0,66.5
19.9,83.7,High,Medium,Yes,7.2,78.8,Low,Yes,2.0,56.3
26.7,88.5,Medium,Low,Yes,8.8,97.2,Low,Yes,2.0,65.4
21.0,95.1,High,High,Yes,8.6,55.8,Low,Yes,0.0,51.7
20.0,60.6,Medium,Medium,No,9.5,63.4,Low,Yes,1.0,50.8
16.6,74.7,Medium,High,Yes,8.9,98.3,Low,Yes,0.0,59.7
18.1,84.7,Low,High,No,7.7,59.4,Low,Yes,2.0,59.1
31.6,76.4,Medium,High,Yes,8.4,93.5,Low,Yes,1.0,65.6
12.1,61.3,Medium,High,Yes,8.4,93.2,Low,Yes,2.0,65.5
19.1,88.1,Medium,Low,No,5.4,64.7,Low,Yes,0.0,52.2
19.5,71.9,High,Medium,No,6.9,52.7,Low,Yes,1.0,40.2
21.8,91.5,Medium,Low,Yes,6.5,90.5,Low,Yes,0.0,56.4
20.0,88.9,High,Medium,No,9.2,86.1,Low,Yes,0.0,62.7
16.5,83.2,High,Medium,Yes,6.4,69.3,Low,Yes,0.0,49.0
20.0,67.0,Medium,Low,Yes,8.1,93.5,Low,No,2.0,62.6
15.8,95.8,Medium,Medium,Yes,7.4,56.5,Low,Yes,2.0,48.8
30.0,85.8,Medium,High,Yes,,89.6,Low,Yes,1.0,72.8
26.3,87.8,High,High,Yes,6.0,54.1,Low,Yes,3.0,60.5
36.3,90.3,Low,High,Yes,6.4,62.9,Low,Yes,3.0,70.0
19.4,70.6,Medium,Medium,Yes,6.9,94.7,Low,Yes,3.0,61.8
25.7,60.7,High,High,No,6.9,66.3,Low,Yes,1.0,51.8
21.0,94.1,Medium,Medium,No,10.0,67.3,Low,Yes,3.0,52.7
30.1,61.7,Medium,Medium,Yes,7.1,79.9,Low,Yes,2.0,57.3
24.7,77.0,Medium,Medium,Yes,6.7,95.3,Low,Yes,1.0,64.1
14.5,76.1,Low,Medium,No,8.4,60.7,Low,No,3.0,56.1
24.1,72.1,Low,High,Yes,7.2,97.4,Low,Yes,0.0,69.6
21.4,88.1,Medium,Medium,No,6.3,97.6,Low,No,1.0,65.1
19.7,91.4,Medium,High,No,7.3,74.0,Low,Yes,1.0,55.3
15.5,67.8,Medium,Medium,Yes,5.4,52.3,Low,Yes,1.0,46.5
24.3,70.6,High,High,Yes,6.6,56.2,Low,Yes,2.0,54.8
15.9,64.1,Medium,Medium,Yes,6.2,70.8,Low,Yes,1.0,54.3
16.0,93.9,Medium,High,Yes,8.5,52.4,Low,Yes,1.0,52.3
24.2,70.9,Low,Medium,No,5.5,79.8,Low,Yes,0.0,54.5
13.8,97.1,High,Low,No,5.3,91.0,Low,Yes,1.0,62.9
19.6,75.1,High,Medium,Yes,7.4,79.6,Low,Yes,0.0,60.2
20.4,65.6,Low,Low,Yes,7.8,95.1,Low,No,2.0,51.4
5.6,88.2,High,Medium,No,7.1,63.8,Low,Yes,0.0,42.3
21.7,95.6,High,High,Yes,5.7,93.3,Low,Yes,5.0,68.7
21.8,80.1,Low,High,Yes,6.3,76.0,Low,Yes,3.0,56.5
20.3,65.3,Medium,Medium,Yes,7.4,59.2,Low,Yes,2.0,48.7
24.4,66.2,High,Medium,No,6.6,58.6,Low,Yes,0.0,47.4
15.8,69.7,Medium,High,No,6.7,95.0,Low,Yes,2.0,60.3
19.9,67.3,High,High,No,7.7,60.7,Low,Yes,0.0,53.2
18.7,78.0,Low,High,No,5.3,99.0,Low,Yes,5.0,74.8
33.9,66.1,Medium,Medium,No,6.4,99.2,Low,Yes,0.0,65.1
18.2,98.1,Medium,Medium,No,7.2,59.8,Low,No,2.0,55.7
18.7,92.8,Low,Medium,Yes,5.2,51.7,Low,Yes,0.0,51.9
13.2,60.3,Medium,Medium,Yes,7.1,55.6,Low,No,2.0,39.0
25.4,97.8,High,Medium,Yes,6.4,51.9,Low,Yes,1.0,56.4
22.1,94.4,Medium,Medium,Yes,6.6,61.3,Low,Yes,2.0,54.6
8.7,99.9,Medium,Medium,No,8.9,63.9,Low,Yes,1.0,47.7
18.6,72.2,Medium,High,Yes,4.8,97.7,Low,No,2.0,62.8
12.6,72.4,High,Medium,Yes,8.4,77.4,Low,Yes,1.0,53.3
19.9,88.8,Low,Medium,Yes,7.9,74.7,Low,Yes,,67.4
11.5,78.3,High,Low,No,6.0,59.6,Low,Yes,1.0,41.6
22.1,60.8,Medium,Medium,Yes,6.3,99.8,Low,Yes,2.0,61.3
23.2,91.4,,Medium,No,7.2,92.6,Low,Yes,1.0,70.0
18.2,92.4,Medium,Medium,No,8.1,66.8,Low,Yes,3.0,58.8
25.2,71.5,High,Medium,Yes,5.8,57.4,Low,,0.0,44.1
24.8,76.6,Medium,Medium,No,9.9,97.2,Low,Yes,1.0,67.6
20.4,73.8,Medium,Low,No,5.5,80.1,Low,Yes,1.0,59.7
18.5,83.9,Medium,Medium,No,5.7,69.6,Low,Yes,3.0,58.2
22.2,81.3,High,High,Yes,7.8,86.6,Low,Yes,2.0,68.3
23.3,64.1,Medium,Medium,No,6.0,65.4,Low,Yes,1.0,50.8
13.0,60.8,Medium,Medium,No,6.7,60.0,Low,Yes,0.0,45.2
19.8,94.7,Medium,High,Yes,7.8,75.8,Low,Yes,0.0,57.3
20.9,91.7,Medium,Medium,Yes,7.6,54.7,Low,Yes,0.0,43.8
18.3,80.2,Medium,High,Yes,7.1,92.6,Low,Yes,2.0,69.1
17.1,82.2,Medium,Low,No,8.5,87.5,Low,No,1.0,58.6
20.3,86.9,Medium,Low,Yes,8.9,89.8,Low,Yes,1.0,54.4
23.4,67.1,High,High,Yes,7.3,88.7,Low,Yes,2.0,68.1
21.6,82.7,Medium,Medium,No,8.8,86.4,Low,Yes,2.0,60.4
15.6,78.3,Medium,Low,No,7.4,85.6,Low,Yes,1.0,50.3
28.8,88.6,High,High,No,10.0,67.0,Low,Yes,2.0,58.5
20.9,99.3,Medium,Medium,Yes,6.0,92.1,Low,Yes,1.0,68.6
24.0,90.4,Medium,High,Yes,6.2,55.4,Low,Yes,2.0,59.3
25.1,84.5,High,Medium,No,6.5,80.6,Low,Yes,0.0,65.9
21.3,74.3,Medium,Low,Yes,5.6,96.2,Low,Yes,3.0,66.5
20.3,81.8,High,Medium,No,7.7,55.2,Low,Yes,1.0,48.5
20.8,93.9,Low,Low,Yes,4.3,75.0,Low,Yes,3.0,57.8
21.0,66.1,Low,High,Yes,8.7,77.3,Low,Yes,3.0,53.9
17.2,77.1,Medium,Medium,No,7.2,75.5,Low,Yes,1.0,59.6
9.8,70.6,Medium,Medium,Yes,6.9,92.3,Low,Yes,0.0,51.0
16.2,64.3,High,High,No,5.8,56.5,Low,Yes,2.0,43.2
14.9,73.8,Low,Medium,No,5.8,64.2,Low,Yes,3.0,60.4
25.0,62.7,High,High,No,4.7,61.8,Low,Yes,2.0,51.6
21.2,89.6,High,Medium,No,6.1,57.9,Low,Yes,0.0,47.9
23.7,87.0,Medium,Low,No,7.7,66.8,Low,Yes,1.0,58.8
13.7,67.2,Medium,Medium,Yes,7.2,78.6,Low,Yes,3.0,55.7
5.9,92.9,High,Medium,No,7.4,67.1,Low,Yes,0.0,44.2
16.8,92.5,High,Medium,Yes,8.6,56.2,Low,Yes,1.0,55.1
24.4,65.1,Medium,High,Yes,5.2,68.2,Low,Yes,2.0,54.5
15.9,66.6,High,Medium,No,8.0,66.7,Low,Yes,2.0,44.7
38.2,62.6,Low,High,Yes,6.9,76.8,Low,Yes,3.0,70.6
12.2,90.3,Medium,Medium,No,6.9,71.3,Low,Yes,2.0,48.7
25.0,70.6,Medium,Medium,Yes,5.1,66.8,Low,Yes,0.0,50.4
18.8,76.3,High,Medium,Yes,8.0,57.1,Low,No,4.0,53.5
19.9,73.2,Medium,High,No,7.9,87.6,Low,No,0.0,59.2
23.1,73.8,High,Medium,Yes,8.1,89.6,Low,Yes,1.0,53.1
26.8,96.3,Medium,Medium,Yes,8.3,51.8,Low,Yes,3.0,64.8
20.2,77.2,High,Medium,Yes,7.8,65.3,Low,No,0.0,55.5
14.0,88.1,Medium,High,No,5.5,77.3,Low,Yes,1.0,63.7
15.7,66.8,High,Medium,No,7.6,88.7,Low,Yes,1.0,55.9
31.4,61.3,High,High,Yes,7.7,71.1,Low,Yes,2.0,63.1
,86.1,High,Medium,No,7.1,89.7,Low,Yes,0.0,56.6
10.5,64.8,High,Low,Yes,6.2,61.9,Low,Yes,2.0,41.9
18.9,75.0,Medium,Low,No,5.8,88.3,Low,Yes,1.0,53.5
19.4,82.1,Medium,Medium,Yes,7.0,70.7,Low,Yes,0.0,56.9
14.5,72.7,High,Medium,Yes,7.7,98.0,Low,Yes,2.0,65.9
12.7,69.1,Low,Medium,No,5.7,64.5,Low,No,2.0,39.0
22.5,86.0,Medium,High,Yes,6.2,52.5,Low,Yes,0.0,52.5
19.6,84.6,High,High,No,7.2,68.4,Low,Yes,1.0,61.4
25.6,99.3,Medium,Medium,Yes,7.7,87.1,Low,Yes,3.0,75.0
17.7,67.6,Medium,Low,Yes,8.8,75.2,Low,Yes,0.0,43.6
28.0,78.0,High,High,No,9.9,66.1,Low,Yes,2.0,58.4
15.5,86.5,Low,Medium,No,7.5,99.7,Low,Yes,0.0,61.1
19.2,96.0,Medium,High,Yes,8.4,89.4,Low,Yes,0.0,65.7
32.9,76.3,High,High,Yes,7.1,57.7,Low,Yes,2.0,68.3
15.0,81.5,High,Medium,Yes,4.1,50.1,Low,Yes,2.0,48.4
26.1,97.9,Medium,Medium,Yes,7.1,95.9,Low,Yes,1.0,78.3
34.8,78.3,Medium,Low,Yes,6.7,67.4,Low,Yes,0.0,64.1
20.7,70.7,Medium,Medium,Yes,7.2,51.1,Low,Yes,0.0,44.1
19.4,74.4,Low,Medium,No,8.8,83.5,Low,Yes,1.0,60.6
23.8,76.3,High,High,Yes,5.9,69.2,Low,Yes,1.0,58.3
24.7,94.5,Low,Low,No,9.9,54.3,Low,Yes,1.0,55.4
24.0,77.5,Low,Medium,No,8.7,61.8,Low,Yes,3.0,63.0
10.3,88.0,High,Medium,Yes,9.6,80.7,Low,Yes,3.0,59.5
26.0,64.2,Medium,,Yes,7.9,83.1,Low,Yes,2.0,61.1
17.0,64.2,High,High,Yes,8.6,74.3,Low,Yes,0.0,50.1
32.4,68.8,High,Medium,No,,89.7,Low,Yes,1.0,69.7
15.3,72.8,Medium,Medium,Yes,5.7,81.5,Low,Yes,0.0,51.9
23.3,92.4,Medium,Medium,Yes,8.9,68.3,Low,Yes,2.0,60.0
19.6,65.7,Medium,High,Yes,9.4,56.1,Low,Yes,1.0,47.9
24.8,62.8,High,Medium,Yes,7.1,91.5,Low,Yes,1.0,66.1
18.6,86.2,High,Medium,Yes,7.7,61.1,Low,Yes,2.0,53.4
20.2,96.5,Medium,High,Yes,7.2,85.5,Low,Yes,2.0,63.0
12.5,81.0,Low,Low,No,6.7,69.9,Low,Yes,4.0,56.4
32.2,85.1,Medium,High,Yes,9.0,96.4,Low,Yes,2.0,76.3
27.2,62.6,High,Medium,No,7.8,75.2,Low,Yes,3.0,66.0
16.4,82.0,Low,Low,Yes,6.2,83.3,Low,Yes,1.0,54.6
15.4,87.5,Low,Low,No,8.0,88.0,Low,Yes,2.0,57.0
23.7,85.2,Medium,High,Yes,6.4,50.9,Low,No,2.0,48.1
21.8,85.6,Low,Medium,No,5.6,76.9,Low,Yes,2.0,50.6
21.2,72.0,Medium,Medium,No,5.1,71.2,Low,Yes,0.0,45.3
18.1,72.1,High,High,No,7.1,85.8,Low,No,4.0,67.4
15.4,72.9,High,Low,Yes,7.1,62.8,Low,Yes,0.0,38.0
22.7,68.1,Medium,Medium,Yes,7.5,60.1,Low,Yes,3.0,54.0
36.7,66.1,Medium,High,Yes,5.9,69.9,Low,No,1.0,67.8
30.0,78.6,High,Medium,Yes,6.2,99.3,Low,Yes,0.0,72.2
19.2,87.2,Medium,High,No,8.2,93.9,Low,,0.0,62.3
27.9,75.1,Medium,Low,Yes,7.1,62.0,Low,Yes,0.0,50.9
19.0,89.9,Medium,High,Yes,6.9,70.8,Low,Yes,3.0,62.9
12.2,92.4,Low,Medium,Yes,6.5,85.8,Low,Yes,0.0,50.5
12.4,80.7,Medium,Low,Yes,7.4,61.3,Low,Yes,4.0,53.5
29.5,92.9,Low,Low,Yes,,65.8,Low,Yes,2.0,58.8
17.7,92.5,High,Low,Yes,6.7,72.6,Low,Yes,0.0,54.9
12.9,96.2,Medium,Medium,Yes,8.2,90.7,Low,No,3.0,55.0
33.5,60.3,Medium,Medium,No,6.1,92.1,Low,Yes,0.0,67.1
21.8,71.2,Medium,Medium,Yes,6.6,90.2,Low,Yes,1.0,65.2
16.9,78.5,Medium,Low,Yes,8.9,68.4,Low,Yes,2.0,53.1
30.3,96.8,Low,Medium,No,6.0,61.8,Low,Yes,2.0,59.0
12.5,60.9,Medium,High,Yes,5.5,89.7,Low,Yes,2.0,62.8
24.7,98.0,Medium,Medium,No,9.9,58.5,Low,Yes,2.0,60.5
24.7,67.4,Medium,Medium,No,5.3,61.7,Low,Yes,4.0,48.5
25.0,91.6,High,Medium,No,5.7,61.5,Low,Yes,0.0,58.9
23.7,87.6,High,Low,Yes,5.3,63.2,Low,No,3.0,53.5
22.3,,Medium,Medium,Yes,7.4,62.7,Low,Yes,1.0,49.4
29.5,80.5,Medium,High,Yes,8.0,84.7,Low,Yes,2.0,62.8
21.4,94.7,Medium,Medium,Yes,10.0,66.2,Low,Yes,3.0,60.3
18.2,67.4,High,Medium,No,6.9,90.5,Low,Yes,1.0,57.4
18.9,70.8,Low,High,No,6.7,100.0,Low,Yes,2.0,62.2
22.9,92.0,Low,Medium,Yes,7.9,63.0,Low,Yes,2.0,62.5
21.8,83.2,Medium,Medium,No,8.3,80.1,Low,Yes,0.0,55.0
24.7,88.4,Medium,Medium,Yes,8.7,67.2,Low,Yes,0.0,50.2
16.7,92.1,Medium,Medium,Yes,7.2,79.2,Low,Yes,0.0,56.2
30.3,86.1,High,Medium,No,6.3,81.1,Low,Yes,1.0,69.7
15.9,67.8,High,Medium,Yes,6.8,84.7,Low,Yes,3.0,61.8
25.2,,,Low,No,6.2,86.4,Low,Yes,0.0,60.6
26.7,89.9,Medium,Medium,Yes,6.1,84.8,Low,Yes,0.0,63.5
18.4,87.6,High,High,No,7.6,63.1,Low,No,1.0,58.3
15.5,61.0,Low,Medium,No,7.5,65.2,Low,Yes,2.0,53.9
21.7,69.0,Medium,Medium,Yes,8.7,55.3,Low,Yes,4.0,55.2
15.7,77.1,Medium,Low,Yes,8.7,90.7,Low,Yes,0.0,52.6
24.0,99.6,High,Medium,Yes,9.4,83.5,Low,Yes,2.0,70.1
9.7,61.3,Medium,Medium,No,9.2,62.5,Low,Yes,1.0,38.8
18.1,61.4,High,Medium,Yes,7.9,83.9,Low,Yes,2.0,49.4
14.5,80.2,Medium,High,No,7.9,66.2,Low,Yes,2.0,60.8
24.8,90.5,Medium,Medium,Yes,7.2,64.8,Low,No,0.0,51.3
20.7,95.0,Medium,High,Yes,6.9,72.0,Low,Yes,0.0,65.5
18.9,70.0,Low,Low,No,7.1,85.1,Low,Yes,2.0,51.0
21.3,78.2,Medium,High,No,8.0,57.5,Low,Yes,1.0,49.3
20.4,70.6,Medium,Medium,No,9.3,83.1,Low,Yes,4.0,59.0
12.7,74.5,High,Low,Yes,6.3,62.0,Low,Yes,3.0,45.0
22.9,91.3,Medium,Medium,No,7.0,76.4,Low,Yes,2.0,64.9
17.8,85.7,Medium,Medium,No,7.6,53.1,Low,Yes,2.0,54.2
14.6,78.7,Medium,High,No,5.6,75.6,Low,Yes,4.0,68.1
30.7,69.9,Medium,Medium,Yes,6.6,60.9,Low,Yes,4.0,63.2
16.3,61.2,Medium,High,Yes,6.9,79.7,Low,Yes,0.0,48.6
11.5,74.3,Medium,High,No,7.5,56.5,Low,Yes,3.0,47.8
15.7,61.9,Medium,High,Yes,5.8,96.2,Low,Yes,2.0,62.7
19.2,90.3,Medium,Medium,Yes,9.0,81.2,Low,Yes,1.0,62.5
19.0,84.1,High,Medium,Yes,6.0,79.1,Low,Yes,0.0,60.4
21.8,62.6,Low,Medium,No,5.3,55.4,Low,Yes,3.0,50.1
15.7,79.8,Low,Medium,Yes,6.3,87.7,Low,Yes,2.0,55.8
23.1,67.7,Medium,Low,No,5.2,77.7,Low,Yes,1.0,56.9
22.9,92.1,Medium,Medium,No,6.1,97.7,Low,Yes,1.0,77.5
20.7,85.8,Low,Medium,Yes,6.7,,Low,No,0.0,52.3
16.8,68.2,Medium,High,No,6.6,78.6,Low,Yes,2.0,56.5
26.1,87.6,Low,High,Yes,9.1,91.8,Low,Yes,0.0,67.9
24.7,73.9,High,Medium,Yes,8.7,60.4,Low,Yes,2.0,56.6
22.2,99.2,Medium,Low,No,6.2,78.4,Low,Yes,1.0,60.2
23.1,62.8,Low,Low,Yes,6.1,83.2,Low,Yes,1.0,58.0
27.5,88.6,High,Medium,Yes,7.5,78.2,Low,No,1.0,55.7
29.0,97.2,Medium,Medium,No,7.1,88.1,Low,Yes,0.0,64.4
17.3,71.0,High,Medium,Yes,8.5,67.1,Low,Yes,0.0,43.7
12.3,68.5,High,High,Yes,7.8,71.4,Low,Yes,0.0,48.5
31.0,76.1,Medium,Low,Yes,8.4,50.7,Low,,2.0,51.7
23.0,99.4,Medium,Medium,No,8.8,73.8,Low,Yes,2.0,53.4
14.6,75.2,High,Medium,Yes,8.7,52.0,Low,Yes,1.0,46.2
25.2,99.1,Medium,Medium,Yes,4.7,94.1,Low,Yes,1.0,66.8
18.9,81.3,Medium,Low,No,8.3,70.5,Low,Yes,2.0,57.7
28.5,78.1,Medium,Medium,No,7.4,89.3,Low,Yes,2.0,69.9
25.8,76.5,Low,High,No,6.2,88.2,Low,Yes,2.0,59.9
17.4,86.5,Medium,Low,No,7.7,81.4,Low,Yes,1.0,54.3
18.0,91.8,Medium,Low,Yes,7.6,69.1,Low,Yes,0.0,57.0
15.9,71.2,Medium,High,No,6.7,73.7,Low,Yes,3.0,60.2
19.9,63.9,Medium,Medium,No,9.6,89.0,Low,Yes,1.0,48.8
14.0,82.0,Medium,Medium,No,7.4,62.9,Low,Yes,2.0,55.9
13.2,93.1,Low,Low,Yes,7.6,67.4,Low,Yes,2.0,49.8
15.3,66.6,Medium,High,Yes,7.5,79.0,Low,Yes,1.0,46.2
21.7,87.2,Low,Low,Yes,8.1,86.6,Low,Yes,0.0,61.5
21.9,89.0,Low,Medium,Yes,6.7,76.2,Low,Yes,3.0,61.6
13.4,86.2,Low,Medium,No,8.3,94.2,Low,Yes,4.0,64.9
20.8,90.4,High,Low,No,9.5,63.8,Low,Yes,2.0,54.2
12.1,80.2,Medium,Medium,Yes,5.1,89.6,Low,No,2.0,53.5
16.7,88.0,Medium,Medium,Yes,8.9,65.7,Low,Yes,0.0,42.9
25.4,93.0,Medium,High,No,5.9,96.4,Low,Yes,2.0,70.1
24.8,71.4,Medium,Medium,No,5.6,70.6,Low,Yes,3.0,60.6
20.4,72.5,Low,High,Yes,10.0,83.4,Low,Yes,4.0,60.3
14.5,95.0,High,Medium,No,6.3,74.1,Low,Yes,2.0,66.8
18.0,62.9,Low,Medium,No,4.5,59.6,Low,Yes,0.0,44.4
20.8,93.2,Medium,Low,Yes,9.1,73.4,Low,Yes,5.0,64.5
19.8,75.7,Medium,Medium,No,6.2,67.6,Low,Yes,2.0,54.3
4.7,83.2,Medium,Low,No,8.1,55.6,Low,Yes,0.0,35.0
27.1,98.9,High,Low,Yes,7.6,67.1,Low,Yes,0.0,60.3
19.2,94.3,Medium,Low,No,6.5,54.0,Low,Yes,2.0,53.5
26.7,68.1,Medium,High,Yes,4.5,89.1,Low,Yes,5.0,72.9
19.0,68.4,Medium,High,Yes,8.9,69.4,Low,Yes,0.0,44.7
28.6,86.3,Medium,Medium,Yes,7.3,51.0,Low,No,3.0,54.4
14.2,85.6,High,Medium,No,9.9,87.8,Low,Yes,1.0,68.2
21.2,95.4,Medium,Medium,No,7.3,66.5,Low,Yes,1.0,57.0
23.4,76.1,High,Medium,Yes,6.5,88.6,Low,Yes,5.0,67.1
9.8,64.3,Medium,Low,Yes,9.2,56.0,Low,Yes,1.0,36.7
16.4,75.7,Medium,Low,Yes,4.8,73.5,Low,Yes,1.0,52.1
20.5,71.5,High,High,Yes,8.6,55.3,Low,Yes,0.0,44.1
28.1,95.5,Medium,Medium,No,6.0,77.5,Low,Yes,4.0,63.8
28.6,73.0,High,Medium,Yes,6.1,88.6,Low,Yes,3.0,71.6
23.9,60.2,High,Low,Yes,7.2,97.1,Low,No,0.0,62.0
14.3,81.2,Medium,Medium,No,7.5,59.2,Low,Yes,2.0,50.2
12.3,84.8,Medium,Medium,Yes,7.3,74.6,Low,Yes,1.0,54.3
26.3,67.4,Medium,Medium,No,9.4,64.6,Low,Yes,1.0,55.0
16.9,93.4,Medium,Medium,Yes,6.8,86.7,Low,Yes,3.0,61.2
16.1,60.9,High,Medium,No,7.5,79.2,Low,Yes,1.0,49.3
22.1,83.9,Medium,Medium,Yes,8.9,89.8,Low,No,,67.2
17.3,83.0,Medium,Low,Yes,8.5,98.5,Low,Yes,0.0,64.8
9.7,69.2,Low,Medium,No,4.6,61.6,Low,Yes,2.0,41.5
8.1,81.5,Medium,Low,No,9.5,82.2,Low,Yes,1.0,56.0
24.0,96.3,High,Medium,Yes,6.9,74.8,Low,Yes,1.0,56.7
24.6,75.3,Medium,Low,No,8.5,56.0,Low,Yes,4.0,50.1
19.1,93.1,Low,Medium,No,7.8,57.0,Low,Yes,0.0,53.1
17.2,69.2,Medium,Medium,No,5.8,93.7,Low,Yes,1.0,52.7
20.0,80.2,Medium,Medium,Yes,6.8,94.5,Low,No,2.0,59.7
7.2,96.2,Medium,Low,No,6.8,74.7,Low,Yes,2.0,43.7
17.9,96.4,High,Low,No,6.5,59.3,Low,Yes,1.0,48.3
13.4,79.6,High,Medium,No,7.3,60.3,Low,Yes,1.0,39.7
26.0,65.8,Medium,Medium,Yes,4.0,90.2,Low,Yes,0.0,63.4
20.6,80.2,Low,Medium,Yes,8.6,73.9,Low,Yes,0.0,56.9
31.9,83.7,Medium,High,Yes,7.0,86.2,Low,Yes,1.0,66.5
21.3,73.0,Low,High,No,4.0,83.8,Low,Yes,2.0,61.3
28.8,77.6,Medium,Medium,No,7.0,66.0,Low,Yes,2.0,62.0
18.9,65.1,Medium,Medium,Yes,7.6,67.1,Low,Yes,4.0,61.3
7.7,63.3,Medium,Medium,No,9.4,76.9,Low,Yes,2.0,47.8
25.4,74.5,Medium,High,No,4.7,87.4,Low,Yes,3.0,72.1
28.8,75.5,High,Low,Yes,5.9,73.9,Low,Yes,0.0,58.0
11.6,94.7,Medium,High,Yes,7.3,69.7,Low,Yes,1.0,61.9
31.0,76.7,Medium,High,Yes,7.0,87.6,Low,Yes,5.0,74.4
33.0,93.0,High,High,Yes,5.1,76.2,Low,Yes,2.0,71.1
12.6,97.5,High,Medium,No,8.1,82.7,Low,Yes,1.0,60.7
20.3,98.8,High,High,Yes,8.1,87.7,Low,Yes,2.0,77.4
16.9,90.8,Medium,Medium,No,7.3,99.2,Low,Yes,1.0,67.6
16.9,79.0,Medium,Medium,Yes,8.9,85.2,Low,Yes,3.0,61.5
23.1,87.1,High,High,No,9.3,76.8,Low,Yes,0.0,64.6
14.2,87.7,Low,High,No,6.2,64.4,Low,Yes,1.0,53.6
16.1,85.7,High,Medium,No,7.7,79.4,Low,Yes,3.0,54.1
12.6,71.5,Medium,High,Yes,8.4,64.0,Low,Yes,1.0,55.1
15.4,93.3,High,Low,Yes,8.1,72.0,Low,Yes,1.0,49.7
16.0,86.2,Medium,Medium,No,8.3,60.9,Low,Yes,0.0,48.4
12.4,71.7,High,High,Yes,6.5,69.4,Low,Yes,1.0,45.4
25.6,90.5,Low,Medium,No,9.8,85.8,Low,Yes,1.0,63.8
24.9,90.3,Low,High,Yes,7.4,51.8,Low,Yes,1.0,55.1
26.1,72.5,Medium,High,No,8.0,68.4,Low,No,3.0,58.6
19.4,95.7,Medium,High,Yes,6.8,53.6,Low,Yes,3.0,56.1
26.1,60.7,Medium,Medium,No,7.0,64.3,Low,Yes,3.0,53.9
22.4,69.9,High,High,Yes,8.4,84.7,Low,Yes,2.0,68.5
22.3,95.0,High,Low,No,7.2,90.6,Low,Yes,1.0,60.9
20.7,66.3,Medium,Medium,Yes,6.8,50.2,Low,Yes,0.0,45.6
20.1,61.3,Medium,Low,No,9.0,90.2,Low,Yes,4.0,65.4
21.8,60.3,Medium,High,Yes,7.0,82.2,Low,No,1.0,59.0
27.7,94.5,Medium,Medium,Yes,8.4,73.2,Low,Yes,1.0,63.5
15.4,82.1,High,Medium,Yes,7.6,50.4,Low,Yes,1.0,43.0
19.5,81.0,Medium,Medium,Yes,6.5,57.5,Low,Yes,2.0,47.8
12.9,81.9,Medium,Medium,No,6.5,73.0,Low,Yes,1.0,48.1
33.4,78.3,Medium,Medium,No,7.9,51.3,Low,Yes,0.0,48.8
15.4,64.8,High,Low,Yes,5.9,73.2,Low,Yes,1.0,48.5
31.0,75.9,High,Medium,No,6.7,66.2,Low,Yes,2.0,59.1
13.4,65.3,High,Medium,Yes,7.4,60.8,Low,Yes,2.0,47.2
18.6,98.2,Medium,High,No,8.7,62.3,Low,Yes,3.0,61.3
27.0,99.4,Medium,Medium,Yes,8.6,60.7,Low,Yes,1.0,67.6
15.4,60.4,High,High,No,6.0,67.9,Low,Yes,3.0,57.2
24.7,74.1,Medium,Medium,Yes,6.1,56.4,Low,Yes,0.0,49.3
20.6,70.6,Medium,High,No,6.5,96.6,Low,Yes,2.0,64.7
22.7,98.5,Medium,Medium,Yes,7.5,70.9,Low,Yes,,61.0
15.4,73.3,Medium,Medium,Yes,7.9,76.6,Low,Yes,0.0,53.8
13.9,64.6,Medium,High,No,8.1,96.8,Low,Yes,0.0,57.9
22.0,73.5,Low,Medium,No,5.7,63.8,Low,Yes,4.0,54.5
21.7,75.0,Medium,Medium,Yes,10.0,71.6,Low,Yes,1.0,59.2
19.3,99.2,Medium,Medium,Yes,8.8,87.7,Low,Yes,0.0,65.5
21.6,73.6,Low,Medium,Yes,5.1,88.0,Low,Yes,0.0,63.2
26.9,70.6,Medium,High,No,6.3,65.9,Low,Yes,1.0,53.0
26.0,69.8,Medium,Low,Yes,7.2,91.0,Low,Yes,0.0,61.1
20.8,94.5,High,Medium,Yes,7.6,71.6,Low,Yes,3.0,66.0
14.3,86.3,Low,Medium,Yes,7.9,86.0,Low,Yes,1.0,63.1
16.2,73.1,High,Low,Yes,10.0,60.9,Low,Yes,0.0,48.3
16.9,96.2,Low,Medium,No,6.4,78.2,Low,Yes,3.0,56.8
13.6,73.2,Medium,Low,Yes,8.2,54.1,Low,Yes,0.0,33.6
22.5,96.5,High,High,No,6.3,95.2,Low,Yes,1.0,66.7
18.2,82.1,Medium,Low,No,8.1,57.0,Low,Yes,2.0,46.5
9.1,76.7,Medium,Medium,Yes,7.7,98.4,Low,Yes,2.0,59.1
25.0,88.3,High,Medium,No,6.6,84.5,Low,Yes,1.0,69.3
20.7,78.8,Medium,Medium,No,6.9,86.3,Low,Yes,1.0,63.6
21.5,75.4,Low,Low,Yes,8.0,62.2,Low,Yes,2.0,51.3
28.9,61.7,Low,High,No,8.7,79.1,Low,Yes,1.0,59.4
17.7,92.4,Medium,Medium,No,8.5,53.4,Low,Yes,2.0,50.5
20.2,69.9,High,Low,Yes,4.9,96.1,Low,Yes,0.0,61.0
14.5,84.9,High,High,Yes,7.8,62.3,Low,Yes,0.0,50.3
14.3,89.4,Medium,Low,No,6.7,91.1,Low,Yes,2.0,58.9
16.6,70.8,Medium,High,No,8.1,84.6,Low,Yes,0.0,51.1
24.4,60.2,Medium,Medium,No,6.1,98.7,Low,Yes,2.0,69.8
20.4,67.2,Medium,Low,No,6.7,71.4,Low,Yes,2.0,52.5
14.8,85.0,Medium,Medium,Yes,9.7,91.4,Low,Yes,1.0,64.8
20.3,71.6,Medium,High,Yes,6.2,80.4,Low,Yes,3.0,60.7
19.4,61.0,Medium,Low,Yes,9.4,96.2,Low,Yes,0.0,56.3
25.4,86.9,Low,Medium,No,8.6,73.3,Low,Yes,1.0,59.6
15.0,96.7,High,High,Yes,8.1,78.9,Low,Yes,1.0,54.9
11.3,94.0,Low,Medium,Yes,8.9,60.3,Low,Yes,1.0,50.3
22.0,63.2,Medium,High,,8.6,51.6,Low,Yes,1.0,52.7
19.0,71.3,,Low,No,8.9,85.2,Low,No,3.0,60.3
19.0,94.4,Medium,High,No,7.1,71.0,Low,Yes,3.0,66.9
14.4,82.3,Medium,Low,No,6.1,55.1,Low,Yes,3.0,49.1
21.6,93.0,Medium,Medium,No,7.8,91.1,Low,Yes,2.0,71.7
9.7,69.1,Medium,Medium,No,7.6,89.1,Low,Yes,1.0,49.1
22.0,76.1,Medium,Medium,No,6.3,56.9,Low,Yes,0.0,50.7
21.6,63.1,Medium,High,No,5.4,55.9,Low,Yes,1.0,43.5
15.9,64.9,High,Medium,Yes,7.7,98.5,Low,Yes,2.0,49.5
27.1,69.8,High,Medium,Yes,7.2,70.5,Low,Yes,1.0,57.7
23.8,74.0,Low,Medium,Yes,6.8,,Low,No,2.0,70.7
17.1,68.4,High,Medium,Yes,8.1,70.3,Low,Yes,1.0,50.2
13.2,97.7,High,Medium,No,8.8,87.9,Low,Yes,1.0,60.3
33.0,64.1,High,Medium,Yes,7.7,53.4,Low,Yes,0.0,48.9
30.2,65.9,Medium,Medium,Yes,5.6,58.5,Low,Yes,1.0,50.5
21.6,76.1,Medium,Medium,Yes,5.7,98.1,Low,Yes,3.0,74.9
22.8,82.8,Low,High,No,8.3,86.5,Low,Yes,4.0,76.4
17.4,60.6,Low,Medium,Yes,7.9,52.3,Low,Yes,0.0,40.6
24.2,66.7,Low,High,No,6.3,96.2,Low,Yes,1.0,66.3
15.1,82.8,Low,Medium,No,6.0,92.8,Low,Yes,4.0,58.3
15.6,76.5,Medium,High,Yes,5.7,56.6,Low,Yes,0.0,45.6
16.8,69.4,Low,High,No,7.8,65.2,Low,Yes,2.0,56.3
17.4,71.9,Medium,Medium,Yes,6.9,92.1,Low,Yes,0.0,64.7
10.7,77.0,Medium,High,No,9.8,96.2,Low,Yes,0.0,51.4
12.4,,Medium,High,Yes,7.2,53.5,Low,Yes,2.0,43.5
20.1,82.9,Medium,Medium,Yes,7.7,84.7,Low,Yes,1.0,61.9
18.4,96.5,High,Medium,No,7.9,81.2,Low,Yes,3.0,64.6
13.8,71.1,Medium,Medium,Yes,7.5,71.7,Low,Yes,1.0,53.7
31.3,79.3,Low,High,Yes,5.7,77.7,Low,Yes,1.0,61.9
10.5,88.6,Medium,High,Yes,7.6,93.0,Low,Yes,3.0,72.7
17.8,83.2,Medium,Medium,No,6.3,65.3,Low,No,2.0,49.8
20.0,84.3,Medium,Medium,Yes,9.5,56.4,Low,Yes,0.0,51.0
17.1,96.9,Medium,Medium,No,6.9,85.5,Low,Yes,0.0,61.6
3.4,77.5,Medium,High,Yes,5.0,57.5,Low,Yes,1.0,41.1
26.2,73.2,Medium,High,Yes,7.1,97.5,Low,Yes,3.0,68.8
13.9,73.5,Medium,Low,No,6.3,,Low,Yes,3.0,44.3
27.8,95.9,High,Medium,Yes,9.1,79.5,Low,Yes,1.0,63.2
25.5,87.7,High,Medium,Yes,8.6,63.6,Low,Yes,1.0,54.7
13.3,88.2,High,Medium,Yes,5.7,53.6,Low,Yes,1.0,49.8
24.7,67.8,Medium,Medium,Yes,6.8,70.0,Low,Yes,3.0,65.9
23.0,60.6,Medium,Medium,No,9.3,78.7,Low,Yes,0.0,53.2
18.3,93.2,Medium,Low,No,7.3,66.0,Low,Yes,1.0,55.8
20.8,71.1,High,High,Yes,7.6,76.5,Low,Yes,0.0,52.0
19.2,85.5,Medium,Medium,No,9.3,71.4,Low,,4.0,66.5
23.1,89.5,Medium,Medium,No,7.1,56.6,Low,Yes,1.0,58.0
39.4,74.8,Low,Low,Yes,7.2,76.5,Low,Yes,5.0,70.0
13.9,85.4,High,High,Yes,7.3,94.1,Low,Yes,0.0,58.2
15.7,92.7,Medium,High,Yes,5.2,83.8,Low,Yes,0.0,67.3
15.2,84.2,High,Medium,Yes,6.6,91.1,Low,Yes,0.0,62.3
28.8,64.3,Medium,Medium,No,6.0,73.0,Low,Yes,1.0,56.7
20.4,90.2,High,Medium,No,6.8,56.2,Low,Yes,2.0,44.6
12.9,70.5,Medium,Medium,Yes,7.8,74.0,Low,Yes,3.0,54.1
20.0,83.3,Medium,Medium,No,9.7,97.0,Low,Yes,4.0,67.7
20.0,75.3,Medium,Low,Yes,9.4,68.2,Low,Yes,1.0,55.0
13.5,93.4,Medium,Medium,Yes,6.9,95.7,Low,Yes,1.0,63.8
27.3,85.4,Medium,Medium,Yes,7.4,84.4,Low,Yes,1.0,62.2
20.6,87.2,Medium,High,Yes,5.8,79.1,Low,Yes,0.0,62.2
11.5,91.9,High,Low,Yes,10.0,96.2,Low,Yes,0.0,63.2
29.4,89.4,Low,High,Yes,5.7,54.5,Low,No,2.0,52.8
21.4,93.4,Medium,High,Yes,4.6,80.8,Low,Yes,0.0,65.7
18.8,97.8,Low,Medium,No,8.9,73.3,Low,Yes,1.0,59.4
32.1,64.4,Medium,High,Yes,5.3,90.3,Low,Yes,0.0,70.1
18.4,94.8,High,Medium,Yes,10.0,96.9,Low,Yes,1.0,63.2
27.5,86.2,Medium,Medium,Yes,7.8,62.0,Low,Yes,4.0,59.6
30.6,92.1,Medium,Low,Yes,9.2,54.3,Low,Yes,0.0,55.0
28.0,87.1,Low,High,Yes,5.1,55.1,Low,Yes,2.0,60.7
28.2,61.0,Low,High,No,6.0,52.9,Low,Yes,0.0,46.0
18.1,91.0,Medium,Low,No,9.9,56.9,Low,Yes,2.0,56.5
21.8,73.0,High,Medium,No,6.4,78.0,Low,Yes,0.0,54.6
31.9,68.4,Medium,High,No,6.6,84.6,Low,Yes,0.0,64.1
16.2,60.6,Low,Medium,No,6.1,77.8,Low,Yes,1.0,45.1
12.0,97.0,Medium,High,Yes,7.4,80.1,Low,Yes,3.0,65.6
20.4,80.0,Low,Low,Yes,6.2,57.7,Low,No,3.0,51.6
20.3,72.4,Medium,Medium,Yes,8.1,61.5,Low,Yes,2.0,61.2
,69.8,High,Medium,No,8.5,70.3,Low,Yes,2.0,53.7
17.6,81.3,Medium,High,No,4.9,83.4,Low,Yes,2.0,54.8
19.0,87.8,Medium,Medium,Yes,7.4,99.3,Low,Yes,2.0,65.3
20.0,64.4,Medium,High,Yes,6.3,84.1,Low,Yes,4.0,67.2
16.9,82.5,Medium,Medium,Yes,8.6,87.3,Low,Yes,4.0,67.9
26.1,84.5,Medium,High,Yes,7.6,98.0,Low,Yes,0.0,74.6
17.3,63.6,Medium,Medium,No,7.1,75.4,Low,Yes,4.0,61.6
22.6,73.5,High,Low,Yes,7.7,74.0,Low,Yes,2.0,56.5
20.7,67.3,Medium,Low,Yes,6.0,96.1,Low,Yes,0.0,52.5
17.8,71.4,Low,Medium,Yes,7.3,78.1,Low,Yes,2.0,56.4
21.0,99.4,Medium,High,No,8.2,52.2,Low,No,0.0,54.0
20.7,88.8,Low,High,Yes,4.6,63.0,Low,Yes,1.0,57.5
16.1,75.3,High,High,No,7.0,92.6,Low,Yes,0.0,64.6
17.2,67.6,Medium,Medium,Yes,4.7,66.5,Low,Yes,3.0,46.7
23.7,99.5,High,Medium,Yes,6.1,82.2,Low,Yes,1.0,62.9
29.6,95.8,High,High,Yes,7.6,72.2,Low,Yes,1.0,64.6
14.3,78.1,High,Medium,No,8.0,59.1,Low,,2.0,55.4
17.6,,High,High,Yes,8.4,55.2,Low,Yes,1.0,42.4
22.4,62.7,Medium,Medium,Yes,8.4,92.7,Low,Yes,1.0,57.4
25.1,92.0,Medium,High,Yes,7.2,63.8,Low,Yes,0.0,59.4
8.0,82.1,High,Medium,Yes,7.2,55.9,Low,Yes,3.0,40.2
11.0,68.1,,High,Yes,7.1,56.4,Low,Yes,1.0,42.5
17.8,81.3,Medium,Medium,No,8.9,99.4,Low,No,2.0,67.3
17.6,80.9,High,Medium,Yes,7.2,81.3,Low,Yes,2.0,60.8
30.7,88.5,High,Low,No,7.3,99.2,Low,Yes,0.0,76.0
23.8,92.0,Medium,High,Yes,8.2,89.0,Low,Yes,2.0,75.1
18.9,96.4,Low,Low,Yes,5.4,93.5,Low,Yes,0.0,67.0
12.6,93.1,High,High,Yes,6.7,88.5,Low,Yes,1.0,66.3
19.4,85.0,Low,High,No,7.5,95.6,Low,No,2.0,67.6
23.8,98.3,Medium,High,Yes,7.5,71.4,Low,Yes,1.0,61.8
8.7,99.4,Medium,Medium,Yes,8.1,92.3,Low,Yes,0.0,50.1
29.2,83.0,Medium,High,No,6.0,75.9,Low,No,1.0,63.6
23.2,86.9,High,Low,Yes,8.7,50.9,Low,Yes,0.0,49.2
19.9,67.2,Medium,High,No,7.3,66.9,Low,Yes,1.0,49.0
22.6,69.6,Low,High,No,9.3,89.2,Low,Yes,0.0,60.1
14.8,87.9,High,Medium,Yes,7.7,91.9,Low,Yes,0.0,61.9
23.7,94.4,Medium,Medium,Yes,6.5,95.0,Low,Yes,0.0,72.6
22.9,87.4,High,High,No,6.9,85.2,Low,Yes,0.0,57.9
16.3,65.0,Medium,Medium,Yes,6.9,62.9,Low,Yes,2.0,42.0
13.0,78.0,Medium,Low,Yes,7.7,72.9,Low,Yes,2.0,50.0
24.7,81.3,Low,Medium,Yes,6.2,88.1,Low,No,0.0,60.5
12.1,87.5,Medium,High,Yes,7.0,65.4,Low,Yes,1.0,53.8
21.1,62.7,High,Medium,No,6.6,50.5,Low,Yes,0.0,40.1
28.3,97.4,Medium,High,Yes,6.1,80.3,Low,Yes,3.0,68.4
25.0,63.2,High,Medium,Yes,9.5,51.0,Low,Yes,2.0,47.4
23.6,80.8,Medium,Medium,Yes,9.2,78.8,Low,Yes,0.0,55.9
17.5,77.8,Low,High,No,8.3,70.6,Low,No,1.0,50.5
14.3,78.6,Medium,Medium,Yes,8.1,57.7,Low,Yes,4.0,49.8
18.7,79.4,High,Medium,Yes,8.2,83.9,Low,Yes,1.0,61.3
15.8,64.3,Medium,Low,Yes,4.2,68.9,Low,Yes,2.0,42.3
14.0,67.9,Medium,Low,No,6.8,58.1,Low,Yes,0.0,39.5
14.5,70.9,High,Medium,No,7.1,83.1,Low,Yes,4.0,60.1
33.1,89.9,Medium,High,Yes,7.1,82.6,Low,Yes,1.0,69.1
21.5,83.5,High,High,Yes,6.0,86.2,Low,Yes,1.0,65.1
24.1,70.1,Low,Medium,Yes,6.1,74.7,Low,Yes,1.0,56.1
21.7,94.1,Medium,Medium,Yes,8.2,77.6,Low,Yes,3.0,66.5
19.3,66.1,High,Medium,No,6.5,84.9,Low,Yes,3.0,59.2
20.0,75.6,High,Low,No,6.6,55.2,Low,No,0.0,37.7
2.4,97.5,Medium,Medium,Yes,7.0,61.2,Low,Yes,1.0,43.6
19.2,94.4,Low,High,Yes,8.8,58.1,Low,Yes,1.0,51.4
15.9,81.6,Low,Medium,,7.5,50.3,Low,Yes,3.0,50.5
22.4,64.9,High,Medium,Yes,5.2,55.5,Low,Yes,2.0,58.6
27.9,92.7,High,Medium,Yes,6.6,65.7,Low,Yes,3.0,62.0
16.7,87.9,Medium,Medium,Yes,7.2,90.1,Low,Yes,1.0,64.0
16.8,80.8,Medium,Low,No,8.1,87.6,Low,Yes,1.0,59.1
23.4,65.4,Low,Medium,No,7.3,71.8,Low,Yes,2.0,57.8
24.5,61.0,High,Medium,Yes,7.8,75.3,Low,Yes,1.0,58.3
10.3,62.6,Low,Medium,Yes,9.6,99.2,Low,Yes,2.0,65.4
17.4,67.1,Medium,High,Yes,8.2,57.6,Low,Yes,1.0,37.6
26.8,77.1,Medium,Medium,No,7.3,62.9,Low,Yes,1.0,53.2
19.7,88.0,Low,Medium,Yes,7.6,79.3,Low,No,2.0,62.3
34.3,62.6,Low,Medium,No,7.2,51.2,Low,Yes,3.0,51.5
19.4,79.1,High,High,Yes,5.2,56.8,Low,Yes,1.0,51.9
19.6,84.8,High,High,Yes,7.8,63.8,Low,No,2.0,52.7
15.7,78.1,Low,High,No,6.6,53.4,Low,Yes,1.0,46.7
30.3,82.7,High,Low,Yes,6.2,69.9,Low,Yes,2.0,70.6
28.2,71.9,Medium,High,No,7.7,65.8,Low,Yes,2.0,54.6
11.5,68.2,Medium,High,No,4.8,82.8,Low,Yes,3.0,48.7
17.3,64.5,Low,Medium,No,7.8,53.5,Low,Yes,4.0,40.4
25.1,76.3,High,High,Yes,9.4,62.7,Low,Yes,4.0,56.7
22.7,73.8,High,Medium,No,5.6,94.9,Low,Yes,5.0,68.1
33.1,77.1,High,High,Yes,9.0,87.1,Low,Yes,0.0,68.3
22.6,77.3,Medium,Medium,No,6.4,74.2,Low,Yes,0.0,56.4
16.4,72.0,Low,Low,Yes,6.4,76.6,Low,Yes,2.0,58.6
14.1,87.9,Medium,Medium,No,8.0,54.3,Low,Yes,2.0,48.9
23.7,77.1,Medium,High,No,4.9,74.0,Low,Yes,1.0,66.4
6.6,90.4,Low,High,Yes,8.4,59.1,Low,Yes,2.0,43.7
16.2,68.4,High,Medium,No,6.9,68.3,Low,Yes,1.0,48.9
19.8,89.8,Low,Medium,No,5.3,81.8,Low,Yes,1.0,65.7
15.6,,Medium,High,Yes,5.0,56.0,Low,No,4.0,51.9
24.6,98.3,Low,High,No,7.0,99.6,Low,Yes,2.0,83.2
19.0,90.9,Low,High,No,8.2,57.8,Low,Yes,1.0,55.9
24.2,,High,,Yes,6.5,90.5,Low,Yes,4.0,72.2
11.2,80.5,Low,High,Yes,7.1,82.3,Low,Yes,1.0,55.3
21.4,90.5,Medium,Medium,Yes,6.9,89.8,Low,Yes,2.0,61.6
18.8,68.9,Medium,High,No,5.0,90.9,Low,Yes,0.0,63.9
21.8,67.2,High,High,No,6.4,58.0,Low,Yes,0.0,50.4
1.4,87.7,Medium,Medium,Yes,4.8,50.0,Low,Yes,1.0,39.1
23.4,93.2,Medium,Medium,No,8.8,87.9,Low,Yes,1.0,63.9
29.7,94.9,High,Medium,Yes,6.2,61.1,Low,Yes,3.0,66.0
15.7,89.3,High,Medium,Yes,6.0,73.1,Low,Yes,8.0,62.0
23.2,89.0,Medium,High,Yes,6.6,51.6,Low,Yes,1.0,48.0
33.8,70.7,Medium,Low,Yes,6.3,90.2,Low,Yes,0.0,62.0
10.3,75.7,Low,High,Yes,7.2,97.3,Low,Yes,2.0,58.1
23.3,82.4,Medium,Low,Yes,7.6,59.3,Low,Yes,1.0,55.4
12.1,62.2,High,Medium,Yes,6.4,63.8,Low,Yes,0.0,39.4
17.2,89.0,High,High,No,7.6,94.9,Low,Yes,1.0,60.0
22.2,91.8,Medium,Medium,Yes,8.6,57.8,Low,Yes,1.0,54.7
27.0,96.1,Low,Low,No,8.2,53.8,Low,Yes,1.0,48.9
18.5,82.6,Medium,Medium,Yes,6.9,91.0,Low,No,2.0,62.4
24.6,88.8,Medium,High,Yes,8.4,50.8,Low,Yes,0.0,53.7
17.9,,Medium,Low,Yes,7.9,64.3,Low,Yes,2.0,53.5
23.5,85.2,Medium,Medium,Yes,5.2,60.3,Low,Yes,2.0,56.5
11.4,67.7,High,Low,Yes,7.0,61.5,Low,Yes,0.0,35.2
23.2,72.4,Medium,Medium,No,7.0,60.4,Low,Yes,3.0,45.1
21.0,68.8,Medium,Medium,Yes,9.2,63.1,Low,Yes,1.0,46.7
26.2,83.2,Low,Medium,No,6.7,62.2,Low,Yes,2.0,59.6
21.0,98.4,Low,Medium,Yes,7.8,59.9,Low,Yes,0.0,51.9
17.9,84.5,Medium,Medium,Yes,7.0,60.7,Low,Yes,3.0,53.8
22.0,89.7,Medium,Low,Yes,7.5,53.7,Low,Yes,1.0,51.4
10.8,88.6,High,Medium,No,7.8,65.6,Low,Yes,2.0,52.5
22.9,84.2,High,Medium,Yes,7.0,91.1,Low,Yes,2.0,73.0
28.0,69.1,High,Low,Yes,6.1,68.7,Low,Yes,2.0,60.7
21.6,67.8,Medium,Medium,Yes,6.4,50.9,Low,Yes,1.0,40.7
8.3,71.0,High,Low,No,7.1,88.5,Low,Yes,5.0,51.7
10.0,92.0,High,Medium,No,5.6,70.0,Low,Yes,0.0,47.5
21.0,63.1,Medium,Medium,Yes,6.7,51.4,Low,Yes,0.0,39.4
13.0,60.5,Medium,Medium,Yes,8.9,89.8,Low,Yes,0.0,52.6
25.8,81.3,Medium,Medium,No,6.7,96.8,Low,Yes,2.0,68.3
18.3,73.3,Medium,High,No,8.3,100.0,Low,Yes,1.0,67.8
28.3,81.5,Medium,Low,Yes,7.0,56.2,Low,Yes,4.0,57.5
20.2,79.0,Medium,High,Yes,7.4,83.9,Low,Yes,0.0,60.1
28.8,66.6,High,High,Yes,6.4,72.9,Low,Yes,1.0,63.1
23.9,86.0,High,High,No,6.8,89.8,Low,No,1.0,68.8
21.8,87.2,Medium,Low,Yes,6.2,71.8,Low,Yes,0.0,53.4
23.5,94.3,Medium,Medium,Yes,7.3,59.9,Low,Yes,0.0,55.3
15.9,97.9,Medium,Medium,Yes,5.8,64.0,Low,Yes,0.0,56.2
30.5,66.9,High,Medium,No,6.9,51.9,Low,Yes,4.0,50.3
31.6,73.4,Medium,High,No,6.1,82.2,Low,Yes,3.0,73.8
26.5,66.7,Medium,Medium,Yes,5.5,50.0,Low,Yes,0.0,44.1
18.9,68.3,Low,High,Yes,8.5,76.6,Low,Yes,0.0,47.6
25.2,87.7,Medium,High,Yes,7.8,69.3,Low,No,3.0,64.3
12.6,95.5,Medium,Medium,Yes,6.3,77.6,Low,Yes,2.0,58.4
27.5,87.0,Medium,Low,No,6.3,65.3,Low,Yes,1.0,51.8
22.9,71.2,High,High,Yes,7.6,64.4,Low,Yes,1.0,58.8
11.9,89.2,Low,High,Yes,7.6,90.8,Low,,0.0,66.3
19.1,94.1,Medium,Medium,Yes,7.7,73.4,Low,Yes,2.0,62.7
18.0,75.5,High,Medium,Yes,8.2,75.0,Low,Yes,5.0,60.7
19.1,78.8,Medium,Low,Yes,7.8,73.3,Low,Yes,1.0,50.9
19.7,63.6,Medium,High,Yes,6.7,83.1,Low,Yes,2.0,59.4
14.3,76.8,High,Medium,No,6.3,71.6,Low,Yes,1.0,53.7
19.6,64.5,Low,High,No,7.8,70.1,Low,Yes,0.0,52.4
20.1,73.2,Medium,Medium,Yes,9.2,69.5,Low,Yes,,61.1
13.1,68.6,High,High,Yes,7.9,92.2,Low,Yes,3.0,53.7
13.4,99.3,High,Medium,No,7.8,62.7,Low,Yes,2.0,41.7
23.6,83.1,Medium,High,No,9.1,82.5,Low,Yes,0.0,60.5
23.5,93.5,Medium,Medium,No,7.8,77.7,Low,Yes,3.0,69.0
24.9,92.4,Medium,Medium,Yes,9.6,61.8,Low,Yes,3.0,61.6
29.9,97.7,Low,High,No,6.0,82.0,Low,Yes,2.0,82.0
10.0,90.7,Low,High,No,6.2,58.4,Low,Yes,1.0,47.4
23.0,82.3,Medium,Medium,No,7.8,59.6,Low,Yes,0.0,46.8
24.4,86.4,Medium,High,Yes,9.2,82.0,Low,Yes,3.0,64.5
28.3,80.5,Medium,Low,Yes,6.0,78.5,Low,Yes,3.0,65.3
30.7,99.7,High,Medium,No,6.1,54.3,Low,Yes,1.0,59.7
21.6,94.6,Low,Medium,No,10.0,54.1,Low,Yes,1.0,46.8
27.7,80.9,High,Low,Yes,4.8,55.4,Low,Yes,1.0,49.9
22.6,91.7,Low,Medium,No,7.3,50.9,Low,Yes,4.0,57.2
19.2,83.6,Medium,High,Yes,7.1,67.7,Low,Yes,2.0,56.6
21.0,80.0,Medium,Low,Yes,7.2,61.4,Low,Yes,0.0,47.6
10.0,70.4,High,High,No,7.4,88.3,Low,,0.0,52.2
21.1,97.8,High,Low,No,7.8,62.0,Low,Yes,0.0,52.9
17.6,85.6,Medium,Medium,No,7.5,59.0,Low,No,1.0,57.5
22.5,99.6,Medium,Medium,Yes,9.0,98.4,Low,Yes,0.0,73.0
25.0,67.1,Medium,Low,Yes,10.0,83.3,Low,Yes,2.0,53.2
21.1,97.4,Low,Medium,Yes,6.8,,Low,No,1.0,71.5
29.4,77.7,Medium,Medium,No,7.4,65.5,Low,Yes,0.0,54.1
18.2,95.9,Low,High,Yes,6.4,82.1,Low,Yes,0.0,64.5
11.6,84.2,High,High,No,5.5,53.8,Low,Yes,1.0,50.7
16.5,93.7,Low,Medium,Yes,7.7,78.0,Low,Yes,0.0,54.7
30.7,99.4,Medium,Medium,Yes,6.9,72.2,Low,Yes,1.0,67.5
33.1,92.7,High,Medium,No,8.8,61.5,Low,Yes,3.0,69.7
20.9,84.5,Medium,Low,No,6.8,96.6,Low,Yes,2.0,65.8
23.9,88.7,Low,Medium,No,7.4,88.9,Low,Yes,1.0,65.9
9.9,76.6,Low,Medium,Yes,6.8,67.4,Low,Yes,1.0,44.7
17.8,60.3,High,Medium,Yes,5.2,76.7,Low,Yes,4.0,54.6
23.8,73.0,Medium,Medium,Yes,7.1,94.0,Low,Yes,2.0,70.1
24.4,97.7,Low,High,No,10.0,92.7,Low,Yes,1.0,79.5
30.4,76.6,Low,High,Yes,9.1,63.4,Low,Yes,0.0,56.2
23.3,74.6,Medium,Medium,Yes,8.0,56.5,Low,Yes,2.0,57.2
15.9,80.6,High,Low,No,9.5,95.7,Low,Yes,1.0,58.9
24.3,77.4,Medium,High,Yes,5.8,64.0,Low,Yes,1.0,53.9
20.5,86.9,Low,Medium,Yes,7.4,72.9,Low,Yes,2.0,56.9
21.3,62.5,High,Medium,No,7.5,53.5,Low,Yes,2.0,52.2
27.6,82.5,High,High,Yes,9.3,57.5,Low,Yes,1.0,55.7
21.2,79.9,Medium,Medium,Yes,5.4,95.4,Low,Yes,2.0,68.6
22.9,96.4,Low,High,No,6.4,52.7,Low,Yes,1.0,51.3
20.6,65.4,Low,High,Yes,5.8,80.9,Low,Yes,1.0,60.4
15.3,97.0,High,Low,No,6.4,57.4,Low,Yes,1.0,44.3
20.7,68.3,High,Medium,No,6.2,98.2,Low,Yes,1.0,61.2
21.7,76.6,Low,High,Yes,7.4,93.2,Low,Yes,1.0,65.5
25.9,70.3,Medium,High,Yes,7.8,91.4,Low,Yes,5.0,66.8
18.5,60.3,High,Medium,No,6.4,76.2,Low,Yes,0.0,55.0
17.5,75.5,High,Medium,Yes,6.4,72.4,Low,Yes,1.0,61.3
22.5,72.2,High,Medium,Yes,6.9,87.1,Low,Yes,2.0,65.4
19.1,71.4,Medium,Low,Yes,6.3,90.2,Low,Yes,1.0,51.8
8.1,78.2,Low,Medium,No,8.4,82.0,Low,Yes,2.0,47.7
24.9,97.1,Medium,Medium,No,7.2,92.0,Low,Yes,2.0,72.3
27.6,91.3,Low,Medium,Yes,6.8,60.9,Low,Yes,2.0,59.0
25.8,91.8,High,Low,Yes,9.9,82.0,Low,Yes,1.0,61.6
24.9,75.1,Low,Medium,No,7.3,63.0,Low,No,4.0,61.4
19.5,75.7,Medium,Medium,No,5.9,95.6,Low,Yes,0.0,62.9
21.0,81.8,Medium,Medium,Yes,10.0,90.9,Low,Yes,3.0,65.7
22.3,85.6,Medium,High,No,10.0,99.9,Low,Yes,1.0,67.0
29.2,74.3,Medium,High,No,7.7,84.6,Low,Yes,0.0,65.1
25.1,93.5,High,Medium,No,10.0,59.6,Low,Yes,2.0,58.2
20.1,88.6,High,High,No,6.7,61.4,Low,Yes,0.0,52.3
19.4,77.4,Medium,High,Yes,7.2,65.2,Low,Yes,0.0,54.8
25.5,81.5,High,Medium,Yes,7.3,61.6,Low,Yes,1.0,54.7
22.9,72.1,Medium,Medium,Yes,9.2,85.3,Low,Yes,0.0,54.4
29.0,85.5,Medium,High,Yes,7.9,71.9,Low,Yes,2.0,70.7
16.1,92.8,High,Medium,Yes,8.0,89.5,Low,Yes,1.0,65.4
15.9,87.6,High,Low,Yes,8.7,86.1,Low,Yes,1.0,58.3
23.2,70.8,Medium,Medium,Yes,5.7,65.3,Low,Yes,2.0,58.3
27.5,61.4,Low,Medium,Yes,6.6,54.6,Low,Yes,1.0,54.5
18.3,99.3,Medium,High,No,7.4,53.3,Low,Yes,1.0,52.0
28.8,84.2,Low,Low,No,6.6,80.4,Low,Yes,1.0,64.2
12.4,98.5,Medium,Medium,No,7.7,62.5,Low,Yes,2.0,56.3
11.8,63.4,High,Medium,No,6.3,92.4,Low,Yes,1.0,52.7
20.4,99.6,Medium,High,Yes,5.7,91.3,Low,Yes,2.0,75.8
26.2,94.4,Low,Low,Yes,9.4,79.2,Low,Yes,1.0,61.8
22.7,80.1,Medium,High,No,10.0,53.3,Low,Yes,0.0,49.2
29.2,74.2,Medium,High,Yes,8.8,98.1,Low,Yes,2.0,78.5
25.8,96.2,High,Low,Yes,8.1,76.6,Low,Yes,2.0,60.5
12.9,96.6,Medium,Low,Yes,6.5,93.0,Low,Yes,0.0,53.5
28.3,62.7,Medium,High,Yes,9.1,63.5,Low,Yes,0.0,47.9
23.6,90.5,High,Medium,No,8.4,88.8,Low,Yes,0.0,67.2
16.6,66.1,Low,Medium,Yes,9.0,60.6,Low,Yes,0.0,41.7
21.0,66.5,Low,Medium,Yes,6.0,61.1,Low,Yes,0.0,50.1
31.5,67.2,Low,Low,Yes,7.4,81.7,Low,Yes,3.0,65.9
16.2,66.2,Medium,Low,Yes,5.2,82.5,Low,Yes,1.0,53.1
16.3,96.3,Medium,Medium,Yes,6.0,50.6,Low,Yes,1.0,43.3
25.7,84.1,Low,Low,No,7.0,97.8,Low,Yes,0.0,73.0
12.4,84.6,Medium,High,Yes,6.1,68.6,Low,Yes,0.0,52.8
23.0,93.1,Low,Medium,Yes,6.1,77.6,Low,Yes,0.0,55.3
21.6,63.8,High,High,Yes,8.5,73.4,Low,Yes,5.0,68.0
17.4,74.7,Low,Medium,No,7.7,64.1,Low,Yes,3.0,49.4
20.1,69.2,High,Medium,No,8.8,97.3,Low,Yes,1.0,61.8
23.4,85.5,Low,Low,No,7.6,60.6,Low,Yes,0.0,47.8
4.3,84.0,Low,Medium,No,5.7,90.6,Low,Yes,2.0,58.3
27.5,85.9,Medium,High,Yes,9.2,,Low,No,4.0,79.6
20.5,97.2,High,High,Yes,7.6,87.0,Low,Yes,0.0,71.2
18.6,80.1,Low,High,Yes,5.5,68.5,Low,No,1.0,54.2
19.5,97.0,High,Medium,Yes,7.6,62.1,Low,Yes,1.0,62.9
9.7,95.6,High,Low,No,6.7,67.5,Low,Yes,2.0,53.1
13.8,77.3,Medium,High,Yes,9.8,97.1,Low,Yes,1.0,65.1
23.8,76.0,Low,Low,No,6.5,66.5,Low,Yes,2.0,56.8
14.7,91.4,Medium,Medium,Yes,7.5,55.8,Low,Yes,2.0,50.4
25.7,99.1,Medium,Medium,Yes,7.4,65.0,Low,Yes,1.0,64.1
15.0,83.8,High,Medium,Yes,9.5,66.2,Low,Yes,0.0,52.4
18.5,65.3,Medium,High,No,5.7,81.4,Low,Yes,1.0,59.6
19.5,75.5,High,Medium,Yes,8.5,62.2,Low,Yes,0.0,48.3
17.2,94.9,High,High,Yes,4.9,61.1,Low,Yes,1.0,49.2
17.6,83.8,Medium,High,Yes,6.5,97.2,Low,Yes,2.0,62.8
24.0,72.8,Low,High,Yes,5.5,87.6,Low,Yes,1.0,63.3
14.7,90.3,Medium,High,Yes,8.6,57.4,Low,Yes,2.0,51.9
20.7,78.7,High,Medium,No,8.5,99.8,Low,Yes,3.0,72.2
11.0,61.3,Low,High,No,7.1,66.5,Low,Yes,1.0,51.8
26.0,64.8,Low,Medium,Yes,6.7,93.6,Low,Yes,1.0,58.9
34.1,63.2,High,Medium,No,8.2,73.0,Low,,3.0,57.9
28.8,64.0,Medium,Medium,No,5.7,52.5,Low,Yes,2.0,53.8
22.0,95.3,Medium,Medium,Yes,7.0,51.5,Low,Yes,2.0,56.5
31.2,91.5,Low,Medium,No,9.6,65.6,Low,Yes,1.0,63.7
24.6,78.8,High,High,Yes,7.9,65.7,Low,Yes,1.0,65.5
19.5,66.6,High,High,Yes,8.8,67.0,Low,Yes,0.0,45.4
25.5,98.7,High,High,Yes,7.1,56.4,Low,Yes,4.0,67.7
8.6,95.4,Medium,Medium,No,9.2,91.8,Low,Yes,2.0,60.4
20.0,94.0,High,Medium,Yes,6.1,96.3,Low,Yes,1.0,65.6
24.1,86.2,High,High,No,5.0,61.8,Low,Yes,0.0,64.0
17.6,91.0,Medium,High,No,9.3,65.5,Low,Yes,1.0,58.9
20.3,96.0,Medium,Medium,Yes,7.9,71.0,Low,Yes,2.0,57.3
24.1,62.1,Medium,High,Yes,6.1,54.3,Low,Yes,1.0,50.7
24.6,78.1,Medium,Medium,No,7.2,82.8,Low,Yes,2.0,59.9
17.4,60.5,Medium,Medium,Yes,8.1,98.5,Low,Yes,0.0,50.4
19.2,83.7,Medium,Medium,Yes,7.3,88.9,Low,Yes,0.0,65.5
10.4,70.6,Medium,Medium,Yes,7.1,90.3,Low,Yes,0.0,45.0
20.3,85.4,Medium,High,No,7.8,96.9,Low,Yes,1.0,64.0
21.1,74.2,Low,Medium,Yes,5.2,58.4,Low,Yes,5.0,58.8
29.5,68.8,Low,Medium,Yes,7.3,64.6,Low,Yes,1.0,59.0
18.4,96.6,,Medium,Yes,8.4,94.3,Low,Yes,3.0,73.6
15.5,78.2,Medium,Medium,Yes,5.3,73.3,Low,Yes,1.0,52.9
29.7,67.9,Medium,High,No,10.0,65.0,Low,Yes,6.0,67.2
20.1,89.2,Medium,High,No,7.5,89.9,Low,Yes,1.0,67.2
20.9,91.7,Low,Medium,Yes,6.8,51.0,Low,Yes,3.0,51.4
21.0,75.0,High,Medium,Yes,6.8,76.7,Low,Yes,2.0,59.8
18.2,83.7,Medium,High,Yes,6.7,94.3,Low,Yes,1.0,64.1
10.1,,High,Medium,No,10.0,58.5,Low,Yes,,41.0
31.3,64.2,High,High,No,7.0,78.7,Low,Yes,2.0,54.4
20.9,73.3,High,Medium,Yes,6.8,67.3,Low,Yes,1.0,49.6
17.7,73.6,Medium,Medium,Yes,6.6,70.4,Low,Yes,1.0,51.6
30.2,87.0,Medium,Medium,No,6.3,76.9,Low,No,2.0,68.9
11.6,67.7,Medium,Medium,Yes,8.3,74.7,Low,Yes,1.0,49.4
12.7,62.1,Low,Medium,No,4.8,58.8,Low,No,1.0,39.0
25.2,95.9,Medium,Medium,No,8.9,63.1,Low,Yes,2.0,56.6
21.0,79.3,Low,Low,Yes,4.8,97.0,Low,Yes,0.0,68.2
23.2,87.0,Medium,Medium,Yes,6.8,92.5,Low,No,3.0,76.1
11.8,80.9,High,High,Yes,8.1,61.3,Low,Yes,2.0,48.6
14.8,96.5,Low,Medium,Yes,5.3,65.5,Low,Yes,0.0,47.1
27.2,99.9,Medium,Medium,Yes,7.2,53.0,Low,Yes,2.0,62.0
33.2,71.0,Medium,Low,Yes,7.9,54.7,Low,Yes,3.0,54.0
12.2,97.2,Medium,Medium,Yes,7.7,51.3,Low,Yes,1.0,44.6
18.7,74.9,High,Medium,No,8.0,71.1,Low,Yes,3.0,54.5
26.1,91.6,Medium,Medium,Yes,9.0,73.9,Low,Yes,2.0,61.6
28.6,79.1,Medium,Medium,No,8.0,53.3,Low,Yes,1.0,50.8
21.4,89.1,Medium,Low,Yes,6.8,74.5,Low,Yes,2.0,58.4
24.7,88.5,Low,Low,Yes,7.5,84.1,Low,No,2.0,70.0
27.1,76.6,Medium,High,No,7.1,98.3,Low,Yes,2.0,68.8
15.1,84.6,Medium,High,No,7.5,80.0,Low,Yes,1.0,59.7
24.5,94.9,High,High,No,5.9,94.2,Low,Yes,0.0,70.4
15.9,87.5,Low,Low,Yes,7.1,61.4,Low,Yes,2.0,43.1
21.7,85.1,,Medium,No,7.2,75.5,Low,Yes,2.0,53.8
30.5,72.2,Medium,Low,No,7.4,54.1,Low,,2.0,49.0
20.3,93.7,High,High,No,6.3,70.5,Low,Yes,3.0,60.5
20.9,69.4,High,High,No,7.8,84.6,Low,Yes,2.0,65.4
22.0,83.4,High,Medium,No,6.3,89.3,Low,Yes,0.0,61.3
18.0,62.6,Medium,High,Yes,,83.9,Low,Yes,1.0,59.3
16.7,66.2,Medium,Medium,No,6.1,59.5,Low,Yes,0.0,46.1
17.8,67.5,High,Medium,Yes,8.3,77.9,Low,Yes,0.0,42.8
24.4,81.7,Medium,High,Yes,9.2,82.3,Low,Yes,3.0,67.4
23.0,66.5,Medium,High,No,5.5,51.0,Low,Yes,2.0,48.2
22.7,64.8,Medium,High,No,4.7,56.1,Low,No,0.0,47.7
23.0,95.0,Medium,Medium,Yes,5.2,67.5,Low,Yes,2.0,55.8
13.9,70.3,Low,Medium,Yes,8.5,68.2,Low,,0.0,47.5
32.0,62.0,Low,High,Yes,7.3,85.2,Low,Yes,2.0,65.0
14.1,86.4,Medium,High,Yes,7.8,75.4,Low,Yes,0.0,51.1
29.7,93.5,Low,Medium,No,8.2,92.5,Low,Yes,1.0,70.2
27.0,91.8,Medium,Medium,No,8.2,99.4,Low,Yes,1.0,68.4
21.3,75.7,High,Medium,Yes,6.3,59.0,Low,Yes,1.0,52.5
25.6,72.0,High,Low,Yes,5.6,67.2,Low,Yes,2.0,59.6
9.9,74.9,Medium,Low,No,5.4,69.8,Low,No,0.0,47.1
17.7,95.9,Medium,Medium,No,5.4,50.0,Low,Yes,0.0,48.1
25.0,80.4,Medium,Medium,Yes,5.5,71.3,Low,Yes,2.0,59.4
12.1,98.4,High,Medium,Yes,7.1,97.5,Low,No,0.0,55.0
18.9,96.1,Medium,Medium,No,10.0,53.1,Low,No,2.0,51.3
22.6,98.9,High,Medium,No,8.3,56.6,Low,Yes,0.0,53.3
26.2,87.2,Medium,Medium,No,6.0,95.3,Low,Yes,1.0,70.5
24.6,66.7,Medium,High,No,5.2,55.5,Low,Yes,1.0,52.7
15.7,82.5,High,Medium,Yes,7.3,,Low,Yes,3.0,48.4
23.8,66.4,High,Medium,No,7.0,73.8,Low,No,1.0,54.5
20.5,62.1,High,Medium,Yes,6.4,66.1,Low,Yes,2.0,50.4
24.6,89.8,Low,Low,Yes,6.2,56.0,Low,Yes,1.0,50.3
21.1,78.7,High,Medium,Yes,7.7,94.0,Low,Yes,3.0,66.4
7.9,86.0,Medium,High,No,8.2,93.8,Low,No,1.0,59.8
27.9,76.3,Low,High,Yes,5.5,84.4,Low,,4.0,75.2
24.0,63.6,Medium,High,Yes,7.3,99.9,Low,Yes,1.0,61.5
21.2,78.8,High,Medium,No,7.3,90.5,Low,Yes,2.0,61.7
14.8,92.2,Medium,Medium,No,5.4,57.0,Low,Yes,2.0,52.0
28.6,65.7,Low,Medium,No,4.0,98.5,Low,Yes,0.0,70.7
22.1,85.0,Medium,Low,Yes,6.0,87.3,Low,Yes,1.0,55.4
24.4,76.1,Medium,Low,Yes,7.3,91.5,Low,No,3.0,72.9
21.4,99.0,High,High,Yes,6.6,90.1,Low,Yes,0.0,68.2
20.1,64.0,High,Medium,Yes,6.6,57.9,Low,Yes,2.0,50.5
18.8,82.5,High,Medium,No,8.3,83.0,Low,Yes,0.0,59.2
20.7,65.4,Medium,Low,Yes,8.1,93.7,Low,Yes,1.0,61.1
20.5,94.1,High,Medium,Yes,8.5,50.4,Low,Yes,1.0,48.3
21.3,70.1,Low,High,Yes,6.4,54.1,Low,No,1.0,51.8
25.7,71.2,Medium,High,No,5.8,60.4,Low,Yes,1.0,54.5
13.0,92.7,High,Medium,Yes,6.8,72.4,Low,Yes,1.0,56.2
20.8,83.8,High,High,No,7.2,79.7,Low,Yes,3.0,68.0
19.8,83.8,Medium,Medium,Yes,4.6,89.7,Low,Yes,1.0,63.2
22.3,78.2,Medium,High,No,7.8,89.9,Low,Yes,,71.6
21.7,74.1,Medium,Medium,No,5.6,70.7,Low,Yes,2.0,54.2
12.3,,Low,High,Yes,6.8,89.5,Low,Yes,1.0,54.0
31.8,87.9,Medium,Medium,Yes,8.2,56.2,Low,Yes,2.0,66.4
17.5,80.1,Medium,Low,No,7.1,51.7,Low,Yes,2.0,45.7
20.3,89.1,High,Low,No,6.9,94.7,Medium,Yes,2.0,67.8
11.5,93.3,Medium,High,Yes,7.9,99.3,Medium,Yes,1.0,65.7
22.7,80.5,High,Medium,No,6.7,67.9,Medium,Yes,0.0,50.7
4.3,61.3,Low,Low,Yes,8.5,71.8,Medium,Yes,0.0,39.5
22.6,85.3,Medium,Medium,Yes,8.1,79.6,Medium,Yes,1.0,67.1
15.0,86.1,Low,Medium,Yes,8.3,56.4,Medium,Yes,1.0,52.0
16.6,73.2,Low,Medium,Yes,8.0,68.8,Medium,Yes,4.0,54.9
21.0,60.2,High,Low,No,8.3,56.5,Medium,Yes,2.0,49.8
20.1,73.7,High,High,No,5.6,66.3,Medium,Yes,0.0,51.3
20.3,92.9,Medium,High,Yes,7.5,53.7,Medium,Yes,1.0,60.0
15.2,88.9,Medium,Medium,Yes,4.0,89.7,Medium,Yes,,60.0
28.4,93.9,Medium,High,No,5.2,68.0,Medium,Yes,0.0,70.2
26.9,80.6,Medium,Medium,No,4.8,68.6,Medium,Yes,0.0,60.5
17.2,86.5,,Medium,Yes,6.1,56.2,Medium,No,3.0,56.3
20.2,93.3,High,Low,Yes,7.9,74.0,Medium,Yes,1.0,59.7
6.6,83.3,Medium,Medium,No,7.8,53.5,Medium,Yes,1.0,40.4
25.9,99.2,Medium,High,Yes,7.8,71.9,Medium,Yes,3.0,68.9
15.7,93.8,High,High,No,10.0,75.3,Medium,Yes,0.0,61.4
15.6,65.1,Medium,Medium,Yes,7.2,91.9,Medium,Yes,3.0,75.2
20.6,60.8,Medium,Medium,Yes,7.5,94.2,Medium,Yes,1.0,65.4
28.1,89.5,Low,High,No,7.4,68.7,Medium,Yes,1.0,68.4
19.1,63.9,Low,Low,Yes,6.9,63.0,Medium,Yes,2.0,54.0
29.2,97.9,Medium,Medium,Yes,6.0,58.8,Medium,Yes,1.0,59.5
25.8,85.2,Medium,High,No,8.3,89.9,Medium,Yes,0.0,70.6
28.5,89.1,Medium,High,No,9.0,77.2,Medium,Yes,1.0,61.3
19.4,67.7,Medium,Low,Yes,7.6,50.4,Medium,Yes,2.0,39.7
15.1,68.0,High,Medium,No,7.9,77.7,Medium,Yes,2.0,61.7
22.2,91.3,Low,High,No,7.3,81.1,Medium,Yes,0.0,63.8
23.4,63.4,High,Medium,Yes,8.2,98.6,Medium,Yes,1.0,64.9
19.3,72.4,Medium,Medium,Yes,9.0,56.1,Medium,Yes,1.0,50.1
24.5,66.8,Medium,Medium,Yes,8.8,57.9,Medium,Yes,3.0,59.8
10.0,82.5,High,High,No,7.8,50.2,Medium,Yes,2.0,46.6
18.1,97.4,Medium,Medium,Yes,7.1,68.0,Medium,Yes,1.0,55.9
10.4,72.5,Low,High,Yes,8.9,71.1,Medium,Yes,1.0,46.7
22.0,97.2,Medium,,Yes,9.1,57.1,Medium,Yes,0.0,51.6
21.2,97.9,Medium,Low,Yes,7.9,77.7,Medium,Yes,0.0,60.5
18.2,91.5,Low,Medium,No,8.5,70.4,Medium,Yes,0.0,51.9
22.3,61.1,High,Low,No,8.6,75.5,Medium,Yes,2.0,59.4
12.3,98.4,High,Medium,Yes,8.9,81.7,Medium,Yes,3.0,66.5
20.3,61.6,Medium,Medium,Yes,6.7,64.8,Medium,Yes,3.0,59.7
9.1,64.4,Low,Medium,Yes,8.1,52.0,Medium,No,1.0,40.5
20.2,93.8,Medium,Low,Yes,5.2,,Medium,Yes,1.0,57.3
19.1,76.1,Medium,Medium,Yes,6.6,94.5,Medium,,1.0,67.1
29.2,73.2,High,Medium,Yes,8.8,83.3,Medium,Yes,3.0,64.9
26.1,70.9,Low,Low,Yes,6.0,57.8,Medium,Yes,2.0,55.8
18.4,67.5,Medium,Low,No,6.2,85.2,Medium,Yes,1.0,53.3
6.9,91.9,Low,Medium,Yes,10.0,86.5,Medium,Yes,1.0,58.7
24.7,87.5,Medium,Medium,Yes,5.6,99.6,Medium,Yes,2.0,76.0
6.7,92.7,High,Medium,Yes,10.0,51.1,Medium,Yes,2.0,46.2
26.5,,High,High,Yes,9.3,77.9,Medium,Yes,2.0,62.9
14.9,67.9,Low,Medium,No,6.4,64.9,Medium,Yes,0.0,50.9
19.4,73.9,Low,Medium,No,7.2,63.2,Medium,Yes,0.0,51.4
12.1,84.0,Low,Medium,Yes,7.0,59.6,Medium,Yes,2.0,46.6
26.7,89.8,High,Low,Yes,7.3,65.6,Medium,Yes,2.0,55.9
26.4,78.8,Medium,High,No,7.2,62.7,Medium,Yes,0.0,57.8
20.9,70.0,Medium,High,Yes,6.5,67.4,Medium,No,1.0,51.1
12.4,90.5,Medium,Low,Yes,9.6,74.9,Medium,Yes,1.0,63.9
19.3,80.5,Medium,Low,No,6.8,80.1,Medium,Yes,1.0,65.9
28.5,66.1,Low,Low,Yes,6.0,57.9,Medium,Yes,1.0,47.8
28.7,74.2,High,Medium,No,8.2,55.5,Medium,Yes,3.0,57.4
27.7,62.3,Medium,Low,No,7.7,88.3,Medium,Yes,5.0,70.3
29.7,96.1,Low,High,Yes,6.6,86.6,Medium,Yes,2.0,74.5
17.7,73.1,Medium,Medium,No,7.2,84.8,Medium,Yes,1.0,59.4
9.1,89.7,Medium,High,Yes,7.2,55.9,Medium,No,1.0,45.4
29.5,62.8,Medium,Medium,Yes,8.0,55.8,Medium,Yes,1.0,49.2
25.6,93.2,Medium,Low,Yes,8.0,81.5,Medium,Yes,2.0,63.6
17.7,85.8,Medium,High,Yes,8.4,96.1,Medium,Yes,1.0,66.8
16.9,70.5,High,High,Yes,8.2,55.9,Medium,Yes,1.0,53.5
28.2,99.7,High,Medium,No,8.5,67.7,Medium,Yes,1.0,66.3
20.3,71.6,Low,Medium,No,5.6,71.7,Medium,,0.0,55.6
13.2,72.4,Low,Medium,Yes,8.1,64.5,Medium,No,4.0,57.2
25.1,65.3,Low,Medium,No,6.2,87.0,Medium,Yes,1.0,68.6
25.2,65.3,,Medium,No,7.3,62.8,Medium,Yes,2.0,50.8
15.9,79.7,High,High,Yes,7.3,95.3,Medium,Yes,3.0,74.3
13.9,66.4,High,Medium,Yes,9.0,99.8,Medium,Yes,1.0,65.5
20.1,79.4,High,Medium,No,9.4,57.1,Medium,Yes,2.0,52.5
14.5,81.1,Medium,Medium,No,6.3,55.6,Medium,,1.0,51.6
25.7,78.6,High,High,No,7.6,72.8,Medium,Yes,2.0,66.1
24.3,61.5,Medium,Low,No,8.6,69.7,Medium,Yes,2.0,56.4
20.2,,Medium,High,Yes,6.9,73.9,Medium,Yes,1.0,62.5
20.8,70.5,High,Medium,Yes,8.1,63.9,Medium,Yes,0.0,51.0
24.9,68.0,Medium,Medium,No,5.5,80.4,Medium,Yes,4.0,66.6
30.2,70.5,High,High,Yes,4.0,61.8,Medium,Yes,0.0,61.6
19.2,95.2,Low,Low,Yes,6.3,80.3,Medium,Yes,0.0,64.0
16.1,91.1,Medium,Medium,Yes,6.1,86.4,Medium,Yes,1.0,66.9
18.5,81.0,Medium,Medium,Yes,8.8,65.4,Medium,Yes,0.0,59.5
17.5,98.2,High,High,No,7.9,94.6,Medium,Yes,1.0,65.9
27.6,88.2,Low,High,Yes,7.6,90.2,Medium,Yes,1.0,73.3
18.3,61.4,High,Medium,Yes,5.9,68.9,Medium,No,2.0,56.3
14.8,94.4,High,Medium,Yes,6.1,96.9,Medium,Yes,1.0,72.9
10.3,90.0,High,Medium,No,7.7,66.6,Medium,Yes,2.0,55.1
21.6,80.5,High,Medium,Yes,8.4,88.6,Medium,Yes,0.0,66.1
21.6,97.4,Low,High,Yes,6.8,76.7,Medium,Yes,1.0,70.2
22.8,68.7,High,Medium,No,5.2,86.4,Medium,Yes,0.0,57.4
20.7,86.9,High,Low,Yes,8.8,84.7,Medium,Yes,5.0,68.7
14.7,82.0,High,Medium,Yes,6.3,75.3,Medium,Yes,2.0,56.3
19.4,89.2,Medium,Medium,Yes,6.4,90.9,Medium,Yes,2.0,63.6
22.1,85.9,Medium,Medium,No,7.1,66.0,Medium,Yes,1.0,65.0
21.2,61.9,Low,High,No,8.7,88.2,Medium,Yes,0.0,60.7
11.8,92.2,High,Low,No,8.5,54.1,Medium,Yes,5.0,60.7
24.8,89.6,Medium,Medium,Yes,8.7,62.2,Medium,Yes,1.0,57.5
17.5,67.6,High,Medium,Yes,5.7,98.1,Medium,Yes,1.0,57.2
24.6,84.0,Medium,Medium,Yes,7.6,54.8,Medium,Yes,1.0,55.1
27.7,80.1,Medium,Medium,No,8.9,77.9,Medium,Yes,0.0,56.4
32.9,86.2,Medium,Medium,Yes,7.4,58.8,Medium,No,0.0,62.4
21.4,88.0,High,Medium,Yes,6.6,64.3,Medium,Yes,1.0,53.8
22.8,73.1,Medium,High,Yes,6.2,69.9,Medium,Yes,1.0,60.7
22.1,68.3,Medium,High,No,7.3,86.6,Medium,Yes,3.0,69.0
26.0,61.4,Low,High,No,6.2,51.4,Medium,Yes,2.0,51.1
19.7,80.5,Medium,High,No,5.8,59.4,Medium,Yes,1.0,57.4
18.1,94.5,High,High,Yes,7.3,81.2,Medium,Yes,1.0,62.5
20.7,76.0,Medium,Low,Yes,5.0,58.2,Medium,Yes,0.0,49.3
17.9,66.2,Medium,Medium,Yes,7.4,75.1,Medium,Yes,3.0,55.6
14.4,64.6,High,Low,Yes,5.8,82.0,Medium,Yes,0.0,56.0
24.9,96.0,Medium,Medium,Yes,5.6,80.9,Medium,Yes,1.0,67.1
19.4,88.1,Medium,High,Yes,6.1,82.9,Medium,Yes,3.0,72.4
9.0,90.8,Medium,Medium,Yes,6.5,59.6,Medium,Yes,1.0,46.4
18.7,94.5,Medium,Low,Yes,5.9,70.4,Medium,Yes,3.0,64.8
20.8,93.9,Medium,High,Yes,8.7,52.0,Medium,Yes,1.0,63.0
19.2,74.0,Medium,Medium,Yes,9.1,79.0,Medium,Yes,4.0,65.6
18.1,70.1,High,Low,Yes,10.0,92.5,Medium,Yes,0.0,59.3
24.9,91.9,Medium,Medium,No,5.7,90.7,Medium,Yes,3.0,79.6
22.3,78.4,High,Medium,Yes,6.4,68.8,Medium,Yes,0.0,62.4
27.0,63.2,High,Medium,No,6.7,84.5,Medium,Yes,0.0,61.3
15.5,62.8,Low,Medium,Yes,9.2,71.6,Medium,Yes,1.0,50.5
21.2,,High,High,Yes,7.3,82.5,Medium,Yes,1.0,71.9
13.0,90.4,Low,Medium,Yes,4.5,80.4,Medium,Yes,1.0,58.3
20.7,,High,High,Yes,6.4,97.4,Medium,Yes,3.0,73.1
28.7,69.8,Medium,Low,Yes,6.3,92.5,Medium,Yes,0.0,58.0
17.1,67.9,Medium,Medium,Yes,6.2,50.9,Medium,Yes,4.0,45.1
17.5,94.2,Medium,Medium,Yes,6.3,99.1,Medium,Yes,2.0,77.3
22.9,88.6,Low,Medium,No,5.9,62.2,Medium,Yes,2.0,57.0
21.6,79.4,High,High,Yes,6.4,74.0,Medium,No,2.0,70.3
19.9,72.8,High,Medium,Yes,8.6,87.3,Medium,Yes,1.0,57.9
29.7,95.0,High,Medium,Yes,8.9,73.3,Medium,Yes,1.0,72.8
21.7,75.0,Medium,Medium,Yes,7.7,72.6,Medium,Yes,0.0,61.0
21.9,98.5,Medium,Low,No,9.5,78.8,Medium,No,3.0,64.0
14.2,99.0,High,High,No,8.6,77.0,Medium,Yes,1.0,62.7
19.4,92.5,High,Medium,Yes,6.5,98.8,Medium,Yes,3.0,81.0
23.5,73.1,Medium,Medium,No,10.0,90.9,Medium,Yes,2.0,63.5
25.5,82.3,Medium,High,Yes,5.1,53.3,Medium,Yes,4.0,64.6
26.1,81.0,Medium,High,Yes,7.2,51.1,Medium,Yes,0.0,51.7
10.9,94.0,Medium,Medium,No,8.2,55.5,Medium,Yes,1.0,47.2
15.9,63.1,Medium,Medium,Yes,6.6,59.8,Medium,Yes,2.0,47.8
16.9,81.7,High,High,Yes,7.5,72.8,Medium,Yes,0.0,61.9
17.7,66.7,High,High,Yes,6.1,50.1,Medium,Yes,0.0,44.7
27.0,82.4,Medium,High,Yes,7.3,92.7,Medium,Yes,3.0,72.9
9.4,78.2,Medium,Medium,Yes,6.8,67.3,Medium,No,2.0,47.3
21.8,67.5,Low,Low,No,10.0,85.9,Medium,Yes,0.0,58.7
23.3,74.6,Low,Medium,Yes,8.1,55.1,Medium,Yes,2.0,49.6
25.4,87.2,Low,Medium,Yes,8.6,71.8,Medium,Yes,4.0,68.0
28.0,77.3,Medium,Medium,Yes,6.6,94.6,Medium,Yes,3.0,71.2
18.6,93.3,Medium,High,Yes,6.8,98.1,Medium,No,3.0,79.1
14.7,96.6,Medium,Medium,Yes,7.5,65.3,Medium,Yes,3.0,56.9
15.1,64.7,Medium,Medium,Yes,6.1,61.0,Medium,Yes,2.0,49.4
25.8,63.5,Low,Medium,Yes,6.9,92.7,Medium,Yes,1.0,65.5
21.1,82.7,Medium,Medium,No,8.1,57.8,Medium,Yes,1.0,57.7
21.8,89.4,Low,Low,Yes,5.9,53.9,Medium,Yes,1.0,51.1
27.2,60.7,Medium,High,No,8.0,91.1,Medium,Yes,4.0,67.4
12.4,70.7,Low,High,Yes,7.8,80.8,Medium,Yes,0.0,52.9
38.1,97.6,High,Low,Yes,5.9,75.2,Medium,Yes,0.0,74.7
23.0,89.7,Medium,High,No,8.3,69.1,Medium,Yes,3.0,62.0
18.1,74.5,Medium,Medium,Yes,10.0,88.0,Medium,Yes,1.0,70.6
29.3,99.6,Low,Medium,No,4.0,72.6,Medium,Yes,1.0,62.1
20.6,61.3,Low,High,Yes,8.6,75.9,Medium,Yes,1.0,59.7
19.4,71.9,High,Medium,No,7.6,75.8,Medium,No,3.0,65.7
22.0,70.1,Low,High,Yes,7.8,81.5,Medium,Yes,2.0,71.0
18.9,99.0,Low,High,Yes,4.5,54.3,Medium,Yes,0.0,58.5
17.2,76.9,Medium,Medium,No,8.8,90.9,Medium,No,3.0,65.9
13.4,91.6,Medium,Medium,No,4.8,81.5,Medium,Yes,3.0,63.3
25.1,89.5,Low,Medium,Yes,6.9,80.9,Medium,Yes,2.0,67.2
14.3,93.2,Medium,Medium,Yes,6.2,98.4,Medium,,2.0,70.3
15.6,65.3,High,High,Yes,6.6,93.0,Medium,Yes,5.0,66.7
22.7,86.3,Medium,Medium,Yes,6.8,54.9,Medium,Yes,1.0,54.6
23.5,95.1,Medium,High,Yes,8.9,50.1,Medium,Yes,0.0,51.0
18.6,67.1,Medium,High,No,7.1,61.1,Medium,Yes,1.0,50.2
26.8,85.8,Medium,Medium,No,7.1,81.8,Medium,Yes,0.0,64.2
23.7,95.8,Low,High,Yes,8.2,76.0,Medium,Yes,2.0,69.4
15.4,,Low,Medium,Yes,7.5,59.5,Medium,Yes,0.0,40.5
19.4,82.2,Medium,Medium,No,4.9,83.1,Medium,No,4.0,69.1
19.3,79.0,Medium,Medium,Yes,6.1,98.1,Medium,Yes,3.0,71.7
28.8,68.9,Medium,Medium,No,6.8,76.8,Medium,Yes,2.0,55.7
22.1,80.0,High,Low,No,9.2,52.2,Medium,Yes,2.0,51.1
17.1,92.4,Medium,High,No,6.0,97.4,Medium,Yes,1.0,65.3
28.6,94.4,Low,Low,Yes,8.7,98.0,Medium,Yes,1.0,79.8
17.3,95.4,Medium,Medium,No,9.7,68.2,Medium,No,1.0,60.5
13.7,74.4,Medium,Medium,Yes,5.5,67.4,Medium,Yes,0.0,54.0
21.6,95.0,Medium,Medium,Yes,5.1,71.3,Medium,Yes,1.0,63.1
14.6,93.7,Low,Low,Yes,5.4,95.3,Medium,Yes,1.0,61.1
23.8,77.4,High,Medium,Yes,8.4,76.2,Medium,Yes,2.0,61.3
17.2,85.2,High,Medium,No,7.7,52.4,Medium,Yes,2.0,48.6
28.8,85.2,Medium,High,Yes,7.2,96.0,Medium,Yes,1.0,77.1
17.3,76.5,High,Medium,Yes,7.5,83.7,Medium,Yes,0.0,58.7
26.7,93.7,High,Medium,Yes,6.7,96.7,Medium,No,2.0,79.2
16.2,63.6,High,Medium,Yes,4.8,87.4,Medium,Yes,3.0,61.8
30.1,70.1,High,Medium,Yes,7.4,53.0,Medium,Yes,0.0,47.9
18.2,73.1,Medium,Medium,Yes,6.0,52.2,Medium,Yes,1.0,51.5
19.2,84.2,Medium,Low,No,8.4,81.7,Medium,Yes,2.0,63.1
20.7,70.9,Medium,Medium,No,5.1,79.0,Medium,Yes,1.0,64.1
11.2,63.4,Medium,Medium,No,6.4,51.2,Medium,Yes,1.0,41.1
17.4,87.9,Medium,Medium,Yes,7.1,51.8,Medium,Yes,0.0,56.2
31.5,86.4,Low,High,No,6.6,72.3,Medium,Yes,1.0,73.4
15.4,75.5,Medium,Medium,No,7.1,56.9,Medium,Yes,0.0,43.7
25.3,85.1,High,High,No,7.8,91.1,Medium,Yes,1.0,77.2
17.1,86.8,High,Medium,Yes,7.4,68.3,Medium,Yes,1.0,55.7
17.1,85.1,Medium,Medium,Yes,6.2,67.0,Medium,Yes,2.0,60.6
29.8,76.1,Low,Medium,Yes,8.1,76.4,Medium,Yes,1.0,58.0
21.3,80.8,Medium,Medium,No,7.2,82.6,Medium,Yes,3.0,64.4
24.9,93.5,Low,Medium,Yes,9.7,86.4,Medium,Yes,3.0,74.8
16.8,76.3,High,Low,Yes,6.6,55.4,Medium,Yes,1.0,45.5
19.8,84.1,Medium,Medium,No,7.3,55.8,Medium,Yes,2.0,50.1
15.2,60.5,Low,Medium,No,10.0,78.6,Medium,No,3.0,51.5
23.1,95.6,Medium,Low,Yes,6.0,52.7,Medium,Yes,1.0,54.2
24.2,94.2,High,Medium,No,7.0,86.7,Medium,Yes,2.0,73.3
11.5,69.7,Low,Medium,No,7.5,91.9,Medium,Yes,0.0,60.0
17.5,77.2,High,Low,No,8.0,75.9,Medium,Yes,0.0,53.7
26.6,62.5,Medium,Medium,Yes,6.6,63.4,Medium,Yes,1.0,55.6
17.6,86.9,Medium,Low,Yes,6.8,78.5,Medium,No,2.0,60.2
14.3,83.7,High,Medium,No,8.2,68.7,Medium,Yes,0.0,54.5
6.7,65.3,Medium,Medium,No,7.3,52.9,Medium,Yes,0.0,40.4
23.3,77.1,Medium,Medium,No,5.8,96.2,Medium,Yes,4.0,68.6
10.9,73.2,Medium,High,Yes,9.6,50.9,Medium,Yes,2.0,49.9
27.6,95.1,High,High,Yes,5.8,60.0,Medium,Yes,1.0,59.0
17.5,79.8,High,Medium,No,5.9,69.2,Medium,Yes,3.0,58.7
17.6,81.7,Medium,Medium,No,8.8,91.0,Medium,Yes,4.0,69.1
20.4,91.1,Low,Medium,No,6.6,97.0,Medium,Yes,1.0,71.5
23.4,66.5,Medium,Medium,No,6.8,52.6,Medium,Yes,1.0,47.5
26.2,93.3,High,Low,No,5.0,65.9,Medium,Yes,3.0,59.6
27.3,79.9,Low,Medium,Yes,5.1,50.3,Medium,Yes,0.0,50.9
27.4,81.0,High,High,No,8.6,50.3,Medium,Yes,0.0,53.6
14.4,90.2,Low,High,No,7.7,59.0,Medium,Yes,1.0,55.3
18.6,95.6,Medium,Low,No,8.6,76.2,Medium,Yes,1.0,58.0
15.5,,High,Medium,Yes,7.3,75.4,Medium,Yes,3.0,66.8
17.0,84.9,High,Low,Yes,6.8,62.0,Medium,Yes,2.0,59.3
16.6,82.8,Medium,Medium,No,6.5,53.0,Medium,Yes,1.0,49.0
19.3,66.1,Medium,High,No,6.0,60.8,Medium,Yes,4.0,67.4
20.4,97.1,Medium,Medium,Yes,7.8,60.7,Medium,Yes,3.0,61.1
17.6,60.5,Medium,High,Yes,6.6,54.2,Medium,Yes,3.0,46.6
13.7,80.6,Medium,Medium,Yes,7.9,69.8,Medium,Yes,1.0,55.9
27.8,89.0,High,Medium,Yes,6.2,67.0,Medium,Yes,1.0,60.0
24.6,82.4,Medium,High,Yes,7.2,97.5,Medium,Yes,1.0,70.0
21.5,86.3,Medium,Medium,Yes,5.6,55.5,Medium,Yes,1.0,53.8
29.1,64.1,High,Medium,Yes,6.5,55.3,Medium,Yes,1.0,46.9
9.4,79.6,Low,Medium,No,7.4,85.2,Medium,No,0.0,56.6
19.4,98.2,High,High,Yes,7.2,74.8,Medium,Yes,0.0,72.9
17.4,63.0,High,Low,Yes,5.3,65.9,Medium,Yes,2.0,58.8
25.0,71.3,High,Medium,No,6.3,75.6,Medium,Yes,2.0,67.0
19.9,87.7,Medium,High,Yes,6.4,81.7,Medium,Yes,1.0,70.3
19.7,76.4,Low,Medium,No,7.0,64.0,Medium,Yes,1.0,48.9
22.8,98.1,Medium,Low,No,6.7,73.1,Medium,No,2.0,62.1
15.3,71.4,Medium,Low,No,6.5,81.4,Medium,Yes,1.0,49.3
9.0,97.3,Medium,Medium,No,8.3,58.2,Medium,Yes,4.0,52.2
23.1,78.8,Medium,Medium,No,5.4,82.1,Medium,Yes,0.0,54.5
25.8,81.9,Medium,Medium,Yes,5.6,92.6,Medium,Yes,1.0,83.1
12.0,82.5,High,Low,No,8.5,80.9,Medium,Yes,1.0,60.0
34.9,63.5,High,Medium,Yes,5.5,56.3,Medium,Yes,2.0,56.6
19.6,61.9,High,Medium,No,8.6,71.1,Medium,Yes,2.0,56.1
13.8,78.6,High,Low,Yes,7.8,77.7,Medium,Yes,1.0,60.7
23.3,86.6,Low,Medium,Yes,7.5,57.0,Medium,Yes,1.0,62.3
21.8,65.7,Medium,Medium,No,7.7,80.6,Medium,Yes,2.0,56.8
20.5,73.8,Low,High,Yes,9.0,98.0,Medium,Yes,1.0,70.2
23.8,63.7,High,Medium,Yes,6.2,63.3,Medium,Yes,1.0,54.7
19.8,96.9,Medium,High,Yes,8.3,80.7,Medium,Yes,3.0,63.5
18.0,84.0,High,Medium,No,4.0,51.2,Medium,No,3.0,52.8
11.4,94.4,,Medium,No,5.8,77.5,Medium,Yes,1.0,56.4
22.9,60.6,Low,Medium,Yes,6.9,84.7,Medium,Yes,1.0,62.9
4.0,65.6,High,Medium,Yes,6.8,68.5,Medium,Yes,2.0,41.2
30.2,78.9,High,Low,Yes,7.1,64.4,Medium,No,3.0,62.6
21.7,61.7,Medium,High,No,7.2,57.0,Medium,Yes,2.0,54.4
26.2,78.9,Medium,Medium,Yes,7.8,54.1,Medium,No,2.0,60.0
22.0,76.5,Medium,High,Yes,7.3,84.0,Medium,Yes,0.0,62.5
27.6,64.1,Medium,Medium,Yes,6.5,85.4,Medium,Yes,3.0,69.8
10.6,85.5,Medium,Low,Yes,7.3,80.1,Medium,Yes,2.0,58.7
16.3,83.4,Medium,Low,Yes,6.8,98.1,Medium,Yes,1.0,63.5
7.1,66.0,Medium,High,No,6.6,77.9,Medium,Yes,0.0,53.2
24.8,76.4,High,Medium,No,5.5,76.9,Medium,Yes,1.0,57.7
14.3,83.2,High,Low,No,4.9,54.1,Medium,No,3.0,39.9
26.5,90.4,Medium,Medium,No,5.9,68.9,Medium,Yes,2.0,68.5
12.2,64.0,Medium,High,No,8.1,92.7,Medium,Yes,0.0,56.4
16.8,92.0,Medium,Low,Yes,5.4,74.5,Medium,Yes,0.0,56.1
26.8,73.6,Low,Medium,Yes,6.3,63.4,Medium,Yes,1.0,57.7
23.1,74.3,Medium,Low,Yes,6.2,75.9,Medium,Yes,1.0,62.8
26.7,60.5,Medium,Medium,Yes,6.2,86.0,Medium,Yes,3.0,67.7
29.8,62.2,Low,Medium,No,7.0,62.1,Medium,Yes,3.0,60.7
27.8,62.1,Medium,High,No,8.2,75.4,Medium,Yes,3.0,66.9
23.7,64.5,Medium,Medium,No,6.6,98.4,Medium,Yes,2.0,67.1
20.4,66.0,High,Low,Yes,8.6,54.0,Medium,Yes,2.0,41.9
30.3,88.3,High,High,No,8.4,83.7,Medium,Yes,4.0,74.8
17.3,64.2,Medium,Medium,Yes,7.0,89.6,Medium,Yes,1.0,61.7
19.1,64.6,High,High,Yes,5.5,59.9,Medium,Yes,0.0,42.9
25.2,91.2,High,Medium,Yes,7.2,93.2,Medium,Yes,0.0,76.8
16.8,83.9,High,Low,Yes,8.3,70.1,Medium,Yes,3.0,58.0
28.1,69.7,Medium,High,No,8.7,75.7,Medium,Yes,2.0,66.8
31.5,90.2,Low,Medium,No,7.1,58.7,Medium,Yes,3.0,67.1
26.2,83.7,,Medium,No,7.9,58.4,Medium,Yes,3.0,61.7
19.1,99.2,Low,Low,Yes,6.1,52.9,Medium,Yes,1.0,50.0
21.8,78.6,Medium,Low,Yes,9.0,95.1,Medium,Yes,2.0,68.5
11.8,75.6,Low,Medium,Yes,7.5,91.2,Medium,Yes,2.0,59.1
26.2,80.8,Medium,Low,Yes,6.6,66.5,Medium,Yes,1.0,61.0
19.3,,Medium,Low,No,7.4,56.8,Medium,Yes,1.0,53.8
20.8,74.3,Medium,Medium,No,4.4,77.5,Medium,Yes,1.0,56.0
8.7,85.9,Medium,Medium,No,7.1,95.4,Medium,Yes,0.0,56.5
28.4,91.6,High,Medium,Yes,7.8,80.8,Medium,Yes,3.0,76.8
18.5,78.2,Medium,Medium,No,7.4,53.1,Medium,Yes,3.0,57.3
17.5,91.0,Medium,Low,Yes,5.9,96.7,Medium,Yes,1.0,66.7
26.9,73.4,Low,Medium,No,6.7,57.5,Medium,Yes,0.0,55.0
28.2,90.3,Medium,High,Yes,7.0,88.1,Medium,Yes,1.0,69.6
28.7,95.5,Medium,High,Yes,7.3,60.0,Medium,Yes,2.0,69.3
23.1,98.6,High,High,Yes,7.2,89.6,Medium,Yes,2.0,70.6
6.1,80.0,Medium,High,Yes,5.7,94.4,Medium,Yes,1.0,61.9
31.8,99.8,Medium,High,Yes,8.2,57.9,Medium,No,2.0,74.1
9.7,79.3,Medium,Medium,No,6.6,81.8,Medium,Yes,2.0,55.8
22.6,99.4,High,Low,Yes,8.7,62.1,Medium,Yes,1.0,53.0
19.7,61.0,Low,Medium,Yes,8.3,68.7,Medium,Yes,2.0,49.4
17.0,82.1,Medium,Medium,Yes,9.4,89.5,Medium,Yes,1.0,65.4
7.7,,High,Medium,Yes,8.2,57.7,Medium,Yes,1.0,42.1
14.4,86.6,Medium,Low,No,5.1,71.0,Medium,Yes,2.0,56.9
11.4,90.9,Medium,Low,No,6.5,77.7,Medium,Yes,2.0,56.6
29.6,92.4,Low,High,Yes,8.0,62.2,Medium,Yes,2.0,75.1
18.0,81.6,High,High,Yes,5.2,79.4,Medium,Yes,0.0,60.1
20.0,87.8,Medium,High,No,6.4,94.3,Medium,Yes,4.0,70.4
28.2,71.8,High,Medium,No,6.6,91.8,Medium,Yes,0.0,69.7
24.2,93.0,Medium,Low,No,7.2,82.3,Medium,Yes,3.0,61.3
21.6,94.5,Low,High,Yes,5.0,67.3,Medium,Yes,1.0,60.6
20.6,89.4,Low,Medium,Yes,7.0,50.5,Medium,Yes,1.0,48.8
16.5,94.9,Medium,Medium,Yes,7.0,64.6,Medium,Yes,3.0,62.7
30.4,84.2,High,Medium,No,6.1,69.2,Medium,Yes,1.0,65.7
28.0,68.8,Medium,High,Yes,8.3,87.1,Medium,Yes,1.0,68.8
23.3,88.7,High,Low,No,6.0,73.9,Medium,Yes,0.0,64.0
24.2,77.0,Medium,High,No,8.3,70.9,Medium,Yes,0.0,62.5
12.5,94.2,Low,Low,Yes,8.6,61.5,Medium,No,1.0,49.2
25.4,69.8,Medium,Low,Yes,8.3,69.3,Medium,Yes,0.0,50.9
24.3,91.6,Medium,Medium,Yes,8.7,73.3,Medium,Yes,4.0,66.8
4.8,60.1,Medium,Medium,Yes,6.9,80.0,Medium,Yes,1.0,52.1
22.3,75.9,High,Low,Yes,5.1,65.1,Medium,Yes,0.0,43.4
24.1,76.0,Medium,High,No,6.2,66.5,Medium,Yes,2.0,64.6
23.8,76.2,Low,Medium,Yes,8.1,70.4,Medium,Yes,2.0,66.5
23.2,94.0,Medium,Low,No,8.3,92.4,Medium,Yes,3.0,77.0
,96.1,Medium,Medium,No,6.9,75.1,Medium,Yes,1.0,64.7
22.5,66.8,Medium,High,No,6.0,57.9,Medium,Yes,0.0,52.8
18.6,90.2,High,Medium,No,5.9,51.1,Medium,Yes,0.0,41.2
18.3,93.7,High,High,Yes,5.6,84.8,Medium,Yes,2.0,69.8
15.7,78.3,Medium,Medium,No,8.8,68.3,Medium,Yes,1.0,61.7
26.3,74.7,Medium,Medium,No,6.7,80.9,Medium,Yes,2.0,70.9
21.0,95.1,High,Low,Yes,7.0,93.9,Medium,Yes,3.0,67.4
20.4,80.5,Medium,High,Yes,7.4,92.8,Medium,Yes,3.0,71.3
20.4,68.5,,High,Yes,7.6,63.9,Medium,Yes,1.0,53.8
21.3,84.5,Low,High,Yes,6.2,76.0,Medium,Yes,1.0,57.4
17.8,91.7,High,High,No,10.0,82.3,Medium,Yes,2.0,66.3
19.9,92.4,High,Medium,No,8.7,90.8,Medium,Yes,0.0,60.4
25.0,91.5,Low,Medium,Yes,7.4,82.2,Medium,Yes,2.0,66.9
27.3,80.1,Medium,Medium,Yes,7.3,54.6,Medium,Yes,2.0,55.4
23.8,76.4,Medium,High,Yes,7.3,98.0,Medium,Yes,1.0,67.2
21.7,79.1,Low,Medium,No,6.9,96.3,Medium,Yes,1.0,70.8
16.1,81.9,Medium,Medium,Yes,8.3,77.4,Medium,Yes,4.0,62.4
21.5,78.5,Low,High,Yes,6.4,80.7,Medium,Yes,1.0,67.2
26.1,87.8,High,Low,Yes,6.9,59.0,Medium,Yes,0.0,56.0
17.8,80.2,High,Medium,Yes,6.1,86.4,Medium,Yes,0.0,55.0
24.6,74.3,High,Medium,No,8.5,54.8,Medium,Yes,0.0,49.2
15.0,84.0,Medium,Medium,,8.8,94.7,Medium,Yes,2.0,64.2
44.0,68.0,High,Medium,No,5.2,68.4,Medium,Yes,1.0,67.3
24.7,68.7,Low,Medium,No,6.2,78.0,Medium,Yes,1.0,66.8
19.7,99.9,Medium,Medium,Yes,6.0,55.7,Medium,No,0.0,50.9
23.0,65.4,Medium,Medium,No,6.2,81.2,Medium,Yes,0.0,59.5
33.0,64.3,Medium,Medium,Yes,8.5,84.8,Medium,Yes,3.0,72.9
25.6,95.1,Low,High,Yes,6.6,96.7,Medium,Yes,2.0,79.9
25.7,93.7,Low,High,No,7.9,67.7,Medium,Yes,3.0,70.2
19.9,92.5,Medium,Low,Yes,7.8,95.5,Medium,Yes,4.0,68.3
22.2,77.3,Medium,Low,No,8.3,97.2,Medium,Yes,1.0,73.3
24.3,72.3,High,Medium,No,7.1,52.5,Medium,Yes,2.0,54.1
36.2,95.7,High,High,Yes,8.9,54.5,Medium,No,0.0,62.7
11.9,97.0,High,Medium,Yes,7.1,69.7,Medium,No,0.0,54.2
30.9,85.5,High,Low,Yes,7.0,70.6,Medium,Yes,0.0,63.0
16.8,69.7,Medium,High,No,8.2,92.7,Medium,Yes,3.0,67.1
19.4,64.6,Medium,High,No,4.9,51.9,Medium,Yes,1.0,38.5
12.7,75.2,,High,No,5.4,68.0,Medium,Yes,1.0,58.9
7.6,73.8,Medium,Medium,Yes,8.4,51.1,Medium,Yes,0.0,37.8
27.1,96.6,High,High,Yes,8.3,84.2,Medium,Yes,3.0,72.7
8.3,99.7,High,High,No,6.7,72.3,Medium,Yes,0.0,57.4
14.5,91.5,Low,High,Yes,6.8,74.9,Medium,Yes,4.0,69.8
24.2,90.4,Medium,Low,Yes,7.9,99.4,Medium,Yes,1.0,66.8
9.0,75.0,Medium,Medium,Yes,6.8,72.8,Medium,Yes,1.0,44.3
19.4,69.7,Medium,Medium,No,7.2,91.7,Medium,Yes,1.0,64.6
19.9,91.6,High,Medium,Yes,5.8,73.9,Medium,Yes,1.0,58.8
26.0,64.3,Medium,Low,Yes,8.8,93.3,Medium,Yes,0.0,61.4
17.2,72.6,Medium,High,No,8.3,68.0,Medium,Yes,4.0,62.6
30.6,74.9,High,Medium,,7.1,73.6,Medium,Yes,1.0,62.8
8.0,97.5,Medium,Low,No,6.6,76.3,Medium,Yes,1.0,57.8
12.4,78.8,High,Low,No,5.8,80.9,Medium,Yes,2.0,55.0
22.6,98.4,Medium,Medium,Yes,7.7,87.0,Medium,No,4.0,71.1
26.7,97.8,Medium,High,No,5.9,64.3,Medium,Yes,1.0,65.8
18.7,68.2,Medium,Medium,Yes,6.8,81.3,Medium,Yes,2.0,64.3
5.5,64.6,Low,High,Yes,5.5,68.5,Medium,Yes,3.0,51.3
18.7,70.6,Low,Medium,Yes,8.8,63.1,Medium,Yes,2.0,50.4
22.6,81.7,Medium,High,No,4.5,74.0,Medium,Yes,2.0,66.6
9.9,88.2,Medium,Medium,Yes,8.7,57.3,Medium,Yes,3.0,52.1
21.1,70.3,Medium,High,Yes,6.7,62.1,Medium,No,1.0,61.6
22.2,79.2,High,Medium,No,8.7,97.5,Medium,Yes,1.0,66.1
12.6,66.9,Low,High,,7.0,97.0,Medium,Yes,1.0,59.1
24.5,61.8,Medium,High,Yes,8.1,57.1,Medium,Yes,2.0,60.5
18.7,96.5,Medium,Medium,Yes,7.2,80.0,Medium,Yes,2.0,62.8
13.3,91.3,High,Medium,No,6.3,82.3,Medium,No,1.0,55.4
28.5,79.6,Medium,Medium,Yes,8.1,94.6,Medium,Yes,2.0,72.4
19.9,64.9,Medium,Medium,No,6.2,75.8,Medium,Yes,0.0,53.2
31.3,96.5,Medium,Medium,No,8.4,51.8,Medium,Yes,2.0,60.0
23.5,84.2,Low,Low,Yes,7.4,50.3,Medium,Yes,1.0,54.3
13.2,95.6,High,Medium,Yes,6.6,63.5,Medium,Yes,0.0,50.7
24.1,87.9,High,High,No,6.5,60.6,Medium,Yes,2.0,61.1
20.7,81.7,Medium,Medium,Yes,7.0,72.7,Medium,No,1.0,51.6
23.6,80.5,Medium,Medium,No,8.1,82.6,Medium,Yes,4.0,61.7
12.3,96.4,High,Medium,Yes,7.3,93.3,Medium,Yes,3.0,70.3
26.0,62.5,Low,Medium,No,6.9,82.2,Medium,Yes,2.0,60.0
23.8,72.9,High,High,No,5.7,60.4,Medium,Yes,1.0,59.7
15.7,68.6,Low,Medium,Yes,8.0,78.6,Medium,Yes,1.0,58.5
17.0,82.7,High,Low,Yes,6.6,60.8,Medium,Yes,2.0,54.6
26.3,73.9,Medium,Medium,Yes,6.9,57.2,Medium,Yes,1.0,64.8
28.3,64.2,Low,High,Yes,7.1,70.1,Medium,No,0.0,58.6
23.2,68.2,High,Low,Yes,7.5,88.3,Medium,Yes,0.0,55.1
16.6,66.3,Medium,Medium,Yes,8.0,59.7,Medium,Yes,1.0,50.9
20.6,97.0,High,Medium,Yes,7.6,54.6,Medium,Yes,4.0,60.8
19.3,60.2,Low,Medium,No,6.8,88.9,Medium,No,2.0,50.1
21.3,71.1,Medium,High,No,7.8,87.4,Medium,Yes,3.0,65.3
18.2,,Medium,High,No,8.1,84.8,Medium,Yes,0.0,66.7
16.8,69.9,Low,Medium,Yes,4.8,82.7,Medium,Yes,0.0,54.3
17.5,92.3,High,High,Yes,7.2,55.1,Medium,Yes,2.0,47.8
25.3,67.5,High,High,Yes,5.5,94.9,Medium,Yes,2.0,71.3
19.2,95.1,Medium,Medium,No,9.1,88.1,Medium,Yes,1.0,70.1
27.5,94.5,High,High,No,7.3,52.3,Medium,Yes,1.0,54.4
25.8,69.9,Low,Medium,Yes,7.7,74.4,Medium,Yes,2.0,53.8
22.2,88.3,Low,High,Yes,5.5,81.4,Medium,Yes,1.0,67.0
25.3,91.5,Medium,Medium,Yes,5.0,50.8,Medium,Yes,1.0,50.2
21.8,71.7,Medium,Medium,No,6.2,62.4,Medium,Yes,1.0,51.0
23.5,68.1,Medium,Medium,No,8.0,50.2,Medium,Yes,0.0,50.1
14.7,96.1,High,Medium,No,6.9,61.8,Medium,Yes,2.0,58.5
17.7,78.0,Medium,Low,Yes,5.6,93.2,Medium,Yes,1.0,67.7
18.8,64.2,Medium,Medium,No,5.7,51.4,Medium,Yes,0.0,50.9
12.5,90.2,Medium,Low,No,9.3,89.0,Medium,Yes,0.0,62.8
18.0,93.9,Medium,Low,Yes,6.3,79.3,Medium,Yes,1.0,56.6
18.4,79.3,Medium,Low,Yes,7.2,87.0,Medium,Yes,0.0,62.4
29.3,67.2,High,Medium,No,4.5,67.2,Medium,Yes,3.0,62.2
16.0,97.0,Medium,Medium,Yes,7.9,59.6,Medium,Yes,3.0,55.2
30.7,71.5,Medium,Medium,No,9.3,73.8,Medium,Yes,1.0,62.9
18.6,95.4,Low,Medium,No,6.9,73.6,Medium,Yes,0.0,63.2
13.4,60.3,Medium,Medium,Yes,8.1,99.3,Medium,Yes,1.0,59.8
21.6,97.0,High,Medium,Yes,6.8,60.9,Medium,Yes,4.0,60.1
19.0,98.8,High,Medium,No,6.6,62.1,Medium,Yes,0.0,57.4
17.0,94.8,Low,High,Yes,5.2,92.1,Medium,Yes,3.0,70.3
25.5,87.0,Medium,High,No,9.4,65.8,Medium,Yes,0.0,62.1
19.5,63.7,Medium,Medium,Yes,8.9,58.1,Medium,Yes,2.0,48.3
24.0,71.6,Low,Medium,Yes,8.3,83.8,Medium,Yes,2.0,67.1
12.9,73.0,Medium,High,Yes,7.9,86.0,Medium,Yes,1.0,62.6
16.8,73.4,High,High,Yes,8.2,65.9,Medium,Yes,0.0,59.0
26.8,75.2,Low,High,Yes,6.0,72.9,Medium,Yes,4.0,70.7
22.6,76.0,Medium,Medium,Yes,5.3,93.4,Medium,Yes,0.0,65.1
20.9,76.8,Medium,High,No,6.7,67.8,Medium,Yes,3.0,63.3
15.7,89.3,Medium,Medium,No,7.8,70.3,Medium,Yes,1.0,50.9
22.9,90.2,Low,Medium,Yes,10.0,54.9,Medium,No,1.0,55.2
25.0,75.8,Medium,High,No,8.4,71.0,Medium,Yes,0.0,63.1
10.9,94.0,Low,Medium,No,7.3,90.9,Medium,Yes,1.0,69.5
29.0,79.7,Medium,Medium,Yes,5.8,80.9,Medium,Yes,1.0,70.5
10.3,95.8,High,Low,Yes,9.4,68.7,Medium,Yes,1.0,43.9
19.4,91.9,Low,High,Yes,8.8,60.2,Medium,Yes,1.0,63.5
15.9,92.2,Medium,Low,No,8.9,52.7,Medium,Yes,1.0,40.8
24.2,93.6,Medium,Medium,Yes,5.9,96.3,Medium,Yes,2.0,73.3
17.0,68.0,Medium,Low,No,6.7,80.5,Medium,Yes,3.0,59.0
27.9,79.0,Medium,High,Yes,6.3,79.4,Medium,Yes,3.0,71.6
23.5,96.9,Medium,Medium,Yes,9.6,86.2,Medium,Yes,0.0,71.9
24.5,76.4,Medium,Medium,No,4.6,81.0,Medium,No,0.0,63.1
24.1,75.7,Medium,High,No,7.1,81.7,Medium,Yes,3.0,68.3
20.0,95.1,High,Low,Yes,9.4,57.7,Medium,Yes,1.0,52.6
10.3,84.8,High,Medium,No,6.1,94.3,Medium,Yes,2.0,58.0
23.3,64.3,High,Medium,No,8.1,90.1,Medium,Yes,3.0,63.7
13.9,99.8,High,Medium,Yes,7.3,54.1,Medium,Yes,2.0,52.2
23.6,68.4,High,Medium,Yes,5.6,69.4,Medium,Yes,2.0,55.1
31.6,65.8,High,Low,Yes,6.4,91.3,Medium,Yes,1.0,66.5
14.2,62.7,Medium,High,No,5.7,89.7,Medium,Yes,1.0,62.9
22.2,81.3,Medium,Medium,No,7.7,98.0,Medium,Yes,1.0,73.1
21.7,60.2,Medium,High,Yes,7.5,92.8,Medium,No,1.0,62.9
18.5,97.3,Medium,High,No,9.1,77.4,Medium,Yes,3.0,67.3
20.7,94.8,Medium,Medium,No,7.3,92.7,Medium,No,1.0,71.8
7.0,68.6,Medium,High,No,7.0,90.8,Medium,Yes,1.0,57.4
25.8,87.5,Medium,High,Yes,6.4,76.1,Medium,Yes,2.0,66.0
17.6,67.4,High,Medium,Yes,7.3,70.0,Medium,Yes,2.0,61.5
19.5,97.0,Medium,High,Yes,6.5,72.9,Medium,Yes,4.0,68.3
22.5,98.9,Medium,High,No,7.8,57.4,Medium,Yes,4.0,59.4
28.2,98.5,Medium,Medium,Yes,6.7,79.9,Medium,Yes,0.0,73.0
16.4,65.8,Medium,High,Yes,6.5,82.5,Medium,Yes,1.0,53.5
31.8,64.3,High,Low,Yes,7.7,87.0,Medium,Yes,3.0,73.7
26.1,68.8,Low,Medium,Yes,8.9,59.4,Medium,Yes,1.0,55.8
12.4,92.0,Low,High,No,5.9,89.5,Medium,Yes,1.0,65.2
23.4,91.1,Medium,High,No,8.3,96.5,Medium,Yes,1.0,82.4
31.8,94.2,Medium,Medium,Yes,8.0,73.8,Medium,Yes,1.0,71.4
23.6,66.0,Medium,High,No,7.5,91.0,Medium,Yes,2.0,66.7
18.3,86.8,High,Medium,Yes,7.0,85.1,Medium,Yes,3.0,66.5
22.9,84.3,Medium,Medium,Yes,6.0,58.7,Medium,Yes,0.0,56.5
25.0,93.9,High,Medium,No,6.6,51.6,Medium,Yes,3.0,64.8
7.6,73.2,High,Medium,No,5.9,96.6,Medium,Yes,0.0,63.4
19.3,78.6,High,Medium,No,5.6,51.3,Medium,Yes,1.0,54.8
29.1,86.7,Medium,Medium,Yes,7.8,96.8,Medium,Yes,2.0,80.8
13.5,79.4,Medium,Medium,Yes,9.1,74.3,Medium,Yes,2.0,59.3
19.3,93.4,Low,Low,Yes,10.0,62.4,Medium,Yes,1.0,57.6
12.7,76.3,High,Medium,Yes,6.3,60.1,Medium,Yes,5.0,51.1
30.8,73.7,Low,High,Yes,8.4,75.1,Medium,Yes,3.0,74.0
19.6,62.0,Medium,Low,Yes,6.1,65.0,Medium,Yes,3.0,46.9
24.7,84.4,Medium,High,Yes,7.0,61.2,Medium,No,4.0,65.2
24.0,67.5,High,High,Yes,8.2,61.9,Medium,Yes,1.0,58.2
22.4,84.0,Medium,Medium,No,6.8,87.5,Medium,Yes,1.0,63.2
22.7,62.8,Medium,High,Yes,8.6,77.0,Medium,Yes,3.0,59.5
10.0,76.1,Medium,Medium,Yes,9.4,99.6,Medium,Yes,2.0,71.8
22.0,95.0,High,Medium,Yes,4.0,65.9,Medium,Yes,2.0,57.5
18.0,81.5,Medium,High,Yes,8.5,73.0,Medium,Yes,1.0,63.3
7.5,96.8,High,Medium,Yes,,85.0,Medium,Yes,0.0,62.0
14.5,66.2,Medium,Medium,No,7.1,96.8,Medium,Yes,2.0,68.1
16.4,95.5,Medium,Low,Yes,6.5,57.0,Medium,Yes,1.0,49.6
22.0,78.4,Medium,Medium,No,8.2,78.5,Medium,No,2.0,57.5
19.1,76.8,Medium,High,No,5.7,69.2,Medium,Yes,0.0,57.6
13.0,82.8,High,Medium,Yes,5.7,64.9,Medium,Yes,1.0,49.4
20.4,70.1,Medium,High,No,7.1,83.9,Medium,Yes,1.0,70.3
16.2,76.1,High,Medium,Yes,8.9,74.5,Medium,Yes,0.0,58.9
31.1,67.8,Low,Low,Yes,6.9,69.2,Medium,Yes,1.0,56.3
23.1,72.5,Medium,Medium,Yes,6.7,70.2,Medium,Yes,0.0,59.5
16.6,71.9,High,High,Yes,7.7,91.7,Medium,Yes,2.0,64.6
18.2,93.4,Medium,High,Yes,7.0,81.4,Medium,Yes,1.0,60.5
24.4,80.3,Medium,Low,Yes,8.1,64.0,Medium,Yes,2.0,57.0
14.1,93.9,High,Medium,No,7.6,88.6,Medium,Yes,2.0,57.1
25.7,93.2,Low,High,Yes,7.3,76.9,Medium,Yes,2.0,73.7
17.1,85.0,Low,High,No,5.8,84.9,Medium,Yes,3.0,71.2
23.2,67.2,Low,Medium,Yes,6.6,89.8,Medium,,2.0,62.1
17.3,70.0,High,Medium,No,8.2,79.7,Medium,Yes,0.0,54.7
15.4,88.8,Low,Low,Yes,8.9,69.1,Medium,Yes,1.0,55.5
16.8,74.1,Medium,Low,No,7.6,87.4,Medium,Yes,1.0,50.3
20.7,71.9,High,Medium,No,4.8,61.4,Medium,Yes,1.0,46.1
19.2,65.3,Low,Medium,Yes,7.8,64.7,Medium,Yes,0.0,49.4
27.7,75.6,High,Medium,No,4.7,66.2,Medium,Yes,3.0,59.9
7.4,62.0,High,High,Yes,7.4,84.4,Medium,No,1.0,59.3
15.3,66.8,Medium,Medium,No,8.4,53.8,Medium,Yes,4.0,49.2
12.9,74.9,High,Medium,Yes,6.1,83.6,Medium,Yes,4.0,57.1
16.9,95.3,Medium,Medium,No,5.6,77.2,Medium,Yes,1.0,60.0
24.6,81.5,Medium,Medium,No,7.8,75.1,Medium,No,0.0,62.2
19.6,74.6,,Medium,Yes,7.1,98.2,Medium,Yes,2.0,71.3
18.5,68.6,Medium,Medium,Yes,6.8,55.7,Medium,Yes,2.0,55.2
17.0,94.5,Low,High,No,5.3,58.0,Medium,Yes,1.0,51.9
14.1,74.2,Medium,Medium,Yes,10.0,90.7,Medium,Yes,0.0,64.2
14.3,97.1,Medium,Medium,Yes,7.5,54.3,Medium,Yes,0.0,51.6
22.6,74.5,Medium,High,Yes,10.0,84.3,Medium,Yes,1.0,71.2
20.3,90.1,Low,High,Yes,6.2,75.5,Medium,Yes,3.0,73.2
25.4,65.2,High,High,No,6.0,65.2,Medium,Yes,3.0,59.0
26.3,63.7,Medium,High,No,8.5,55.3,Medium,Yes,4.0,61.1
17.8,68.1,Medium,Medium,Yes,7.0,55.0,Medium,Yes,2.0,55.8
30.2,77.3,Medium,Medium,Yes,7.8,58.7,Medium,Yes,0.0,61.3
16.1,90.0,High,Low,Yes,7.8,92.0,Medium,Yes,1.0,70.2
18.3,91.9,Medium,High,Yes,8.2,63.9,Medium,Yes,2.0,59.0
22.3,89.1,Low,Medium,Yes,6.2,50.4,Medium,Yes,1.0,56.6
27.4,96.6,High,Low,Yes,9.4,82.8,Medium,Yes,2.0,61.3
22.4,67.0,Medium,Medium,Yes,7.5,63.7,Medium,Yes,0.0,49.6
21.9,74.9,High,Low,No,7.6,81.3,Medium,Yes,2.0,62.9
13.9,63.5,Medium,Medium,No,8.4,51.4,Medium,No,1.0,47.6
15.2,85.4,Medium,Medium,No,9.0,91.7,Medium,Yes,1.0,59.4
30.4,99.6,,High,No,7.8,55.1,Medium,Yes,0.0,67.9
19.8,62.6,Medium,High,Yes,7.4,61.3,Medium,Yes,0.0,59.9
26.7,79.9,Medium,High,No,8.3,96.8,Medium,Yes,5.0,75.8
29.8,95.6,Medium,Medium,Yes,5.9,97.5,Medium,Yes,3.0,79.6
24.8,89.6,Low,Medium,Yes,6.4,55.1,Medium,Yes,0.0,52.5
18.9,82.8,High,Medium,Yes,7.2,63.7,Medium,Yes,0.0,59.6
20.4,79.1,High,High,No,7.3,80.1,Medium,Yes,1.0,59.7
26.3,70.4,Medium,High,No,6.8,94.4,Medium,Yes,1.0,73.7
26.2,66.3,High,Medium,No,8.0,83.5,Medium,,2.0,67.0
15.2,96.4,Low,High,No,7.0,58.7,Medium,Yes,0.0,53.6
19.1,64.7,Medium,High,No,10.0,54.5,Medium,Yes,0.0,46.3
15.8,87.7,Medium,High,Yes,8.2,61.8,Medium,Yes,1.0,44.6
15.2,64.0,Medium,Medium,No,7.8,78.6,Medium,No,1.0,44.3
10.9,77.4,Medium,Low,Yes,7.8,95.1,Medium,Yes,0.0,58.0
15.5,77.6,High,,Yes,6.9,97.2,Medium,Yes,1.0,65.2
20.8,95.5,Medium,Medium,Yes,6.9,78.2,Medium,Yes,2.0,63.0
19.3,99.4,High,Low,No,5.5,66.9,Medium,Yes,0.0,63.5
30.9,78.7,Medium,Medium,Yes,9.0,83.5,Medium,Yes,0.0,68.9
29.4,76.8,Medium,Low,Yes,6.3,90.0,Medium,Yes,1.0,59.4
25.0,60.2,Low,Medium,Yes,7.2,92.9,Medium,Yes,5.0,69.1
15.0,98.7,Medium,Low,No,7.6,68.3,Medium,Yes,1.0,55.0
22.9,88.5,Low,Medium,Yes,8.1,70.8,Medium,Yes,3.0,67.0
14.0,65.6,Medium,Medium,No,7.2,84.5,Medium,Yes,0.0,60.7
19.1,74.4,Medium,Medium,No,7.1,80.8,Medium,No,2.0,57.6
27.9,76.4,High,High,No,5.8,81.1,Medium,Yes,2.0,71.0
30.6,80.8,Low,Medium,No,8.0,73.6,Medium,Yes,2.0,70.1
17.3,74.9,Medium,Medium,Yes,7.6,80.0,Medium,Yes,2.0,55.0
24.0,92.9,Medium,High,No,5.3,50.7,Medium,Yes,1.0,56.6
20.4,80.7,Medium,Medium,No,7.7,93.1,Medium,Yes,2.0,70.1
20.4,89.7,Medium,Medium,No,4.5,69.7,Medium,Yes,6.0,75.0
30.9,96.4,Low,Low,Yes,9.1,93.7,Medium,Yes,3.0,78.8
35.5,84.4,High,Medium,Yes,8.2,90.2,Medium,Yes,4.0,74.1
27.9,89.8,Low,Medium,Yes,4.0,54.8,Medium,Yes,3.0,64.3
22.9,86.3,Medium,High,Yes,6.2,75.8,Medium,Yes,1.0,63.3
28.2,77.2,Medium,High,Yes,4.9,92.8,Medium,Yes,3.0,74.8
11.2,83.3,Medium,High,Yes,7.5,82.7,Medium,Yes,2.0,56.1
28.8,95.2,Medium,Low,No,6.6,86.2,Medium,Yes,4.0,70.2
23.1,88.1,Medium,Medium,No,8.0,70.9,Medium,Yes,3.0,61.3
20.8,92.8,High,High,No,7.7,97.0,Medium,Yes,1.0,74.3
25.1,81.7,Medium,Low,Yes,6.6,63.0,Medium,Yes,0.0,47.5
9.8,86.7,High,Low,No,7.1,77.7,Medium,Yes,2.0,51.0
14.3,82.0,Medium,Medium,No,6.0,71.8,Medium,Yes,1.0,57.0
14.6,82.2,Medium,High,Yes,6.5,73.8,Medium,Yes,2.0,55.6
23.5,66.8,Medium,Medium,Yes,8.5,98.8,Medium,Yes,1.0,66.0
19.5,67.2,Medium,Medium,Yes,5.9,59.3,Medium,Yes,1.0,47.5
35.9,63.5,Medium,Low,No,5.7,71.8,Medium,Yes,1.0,55.8
27.7,82.2,High,Medium,No,8.8,67.3,Medium,Yes,2.0,67.1
20.6,64.0,High,High,No,7.3,52.2,Medium,Yes,2.0,52.0
11.1,73.3,Medium,Medium,Yes,6.1,99.6,Medium,Yes,1.0,58.4
26.0,71.4,High,Low,No,7.9,55.9,Medium,Yes,0.0,51.7
19.5,79.8,High,Low,Yes,7.2,74.1,Medium,Yes,2.0,58.4
18.9,96.6,Medium,Medium,Yes,4.8,77.4,Medium,Yes,2.0,65.5
31.8,69.2,High,Medium,No,7.4,57.8,Medium,Yes,0.0,53.7
17.6,98.0,Medium,Medium,No,6.5,88.2,Medium,Yes,1.0,73.1
25.6,98.1,Medium,Low,No,9.5,73.0,Medium,Yes,4.0,71.5
25.2,98.9,Low,Medium,Yes,8.7,59.6,Medium,Yes,5.0,63.1
13.4,88.0,High,Low,No,6.6,97.6,Medium,Yes,0.0,61.2
18.0,98.2,Low,Medium,No,7.0,87.4,Medium,Yes,0.0,65.5
25.6,74.4,Medium,Medium,Yes,5.4,75.2,Medium,Yes,1.0,60.9
17.4,67.5,Medium,High,No,6.0,68.7,Medium,Yes,1.0,55.6
19.7,60.3,High,Medium,Yes,7.7,99.6,Medium,No,0.0,58.2
26.3,82.5,High,Medium,Yes,5.3,91.7,Medium,Yes,0.0,74.4
19.4,73.5,High,Medium,Yes,8.0,52.1,Medium,Yes,1.0,44.8
26.5,90.6,Medium,Medium,Yes,8.4,95.7,Medium,Yes,0.0,68.3
18.3,77.7,Medium,Medium,No,5.9,55.4,Medium,Yes,2.0,48.0
20.5,84.5,Medium,Low,Yes,6.2,89.7,Medium,Yes,2.0,69.3
22.4,62.7,High,Medium,Yes,8.3,97.7,Medium,Yes,1.0,66.2
23.1,80.0,Medium,Low,Yes,7.8,91.4,Medium,Yes,0.0,62.1
23.3,99.6,Low,High,Yes,9.5,93.1,Medium,Yes,0.0,66.6
31.2,68.6,Medium,Medium,No,9.4,84.1,Medium,Yes,0.0,61.7
16.1,83.8,Low,High,Yes,7.6,93.5,Medium,Yes,1.0,70.7
26.5,66.9,Medium,Low,No,5.8,89.1,Medium,Yes,2.0,67.6
3.4,85.0,Medium,Medium,Yes,6.5,58.7,Medium,Yes,1.0,44.5
23.5,66.2,Medium,Low,No,8.0,73.3,Medium,,0.0,51.7
3.1,92.4,Medium,Medium,No,7.7,52.5,Medium,Yes,3.0,39.3
33.0,73.9,High,Medium,Yes,7.3,52.0,Medium,Yes,1.0,55.2
17.6,62.2,High,Medium,Yes,8.8,61.8,Medium,Yes,0.0,46.7
18.1,68.3,Medium,High,Yes,8.1,65.5,Medium,Yes,2.0,47.6
12.1,84.7,Medium,Low,No,8.2,66.5,Medium,Yes,0.0,54.7
28.9,64.1,Medium,Medium,Yes,7.4,81.7,Medium,Yes,1.0,71.5
25.9,72.8,Medium,Medium,No,6.5,93.3,Medium,Yes,0.0,70.1
31.3,69.9,Medium,Medium,No,8.1,97.0,Medium,Yes,2.0,73.8
22.5,73.5,High,Medium,No,6.6,95.9,Medium,Yes,1.0,68.2
21.0,77.2,Medium,High,Yes,6.2,67.6,Medium,Yes,0.0,56.4
32.7,87.2,Low,Medium,Yes,6.6,63.8,Medium,Yes,0.0,63.5
13.6,87.9,High,Low,No,5.2,97.4,Medium,Yes,5.0,69.2
30.8,87.2,Medium,Low,No,7.3,67.4,Medium,Yes,2.0,64.1
27.4,99.0,Low,Medium,No,7.2,55.1,Medium,Yes,2.0,64.6
17.1,96.9,Low,High,Yes,8.5,59.6,Medium,No,1.0,63.2
,97.8,Low,Medium,Yes,8.2,63.8,Medium,Yes,1.0,53.3
22.3,92.8,Low,Medium,No,5.3,50.5,Medium,Yes,3.0,58.8
21.6,99.3,High,Low,No,5.3,95.6,Medium,Yes,2.0,72.8
12.0,62.3,Medium,High,Yes,4.8,65.2,Medium,Yes,1.0,46.5
22.8,62.4,Low,Low,Yes,7.0,85.5,Medium,Yes,2.0,61.3
19.3,95.0,High,Medium,Yes,7.1,73.4,Medium,Yes,1.0,62.7
20.0,89.1,Low,High,No,9.1,62.5,Medium,No,2.0,67.7
22.5,76.5,Low,Medium,No,8.0,80.0,Medium,Yes,1.0,65.4
16.9,62.6,High,High,Yes,6.9,75.1,Medium,Yes,1.0,52.6
18.8,99.8,Medium,Low,No,7.3,67.5,Medium,Yes,1.0,53.4
24.6,60.9,Low,High,No,6.9,80.3,Medium,Yes,0.0,57.6
22.5,74.9,Low,Medium,No,6.8,91.1,Medium,Yes,3.0,78.6
16.0,96.6,High,Medium,No,8.0,67.7,Medium,Yes,0.0,57.5
32.0,68.6,Medium,High,No,9.3,55.8,Medium,Yes,0.0,55.1
15.3,69.4,Low,Low,No,7.8,55.6,Medium,Yes,2.0,46.1
29.6,89.8,High,Medium,Yes,4.0,77.6,Medium,Yes,3.0,65.5
28.9,82.8,Medium,Low,Yes,8.0,94.5,Medium,Yes,0.0,71.1
12.8,95.2,Low,Low,Yes,9.2,96.8,Medium,Yes,3.0,68.0
17.1,89.9,Low,Medium,Yes,5.2,58.8,Medium,Yes,4.0,61.1
14.2,74.4,Medium,Low,No,6.9,68.2,Medium,Yes,2.0,51.4
17.9,95.8,Medium,Medium,,7.0,90.5,Medium,Yes,3.0,66.8
23.1,99.1,Low,High,Yes,8.5,60.7,Medium,Yes,1.0,59.5
24.6,69.0,Medium,High,Yes,5.3,92.2,Medium,Yes,1.0,72.8
21.1,71.2,Medium,High,No,8.5,54.4,Medium,Yes,1.0,44.3
26.2,66.8,Medium,Low,Yes,6.5,61.4,Medium,Yes,2.0,53.8
24.1,98.3,High,Low,Yes,5.8,78.3,Medium,Yes,0.0,63.3
16.9,72.9,High,Medium,No,9.5,86.4,Medium,Yes,2.0,59.7
27.3,77.0,Low,Low,Yes,7.4,95.2,Medium,Yes,2.0,70.5
22.4,98.1,High,Medium,Yes,4.9,66.4,Medium,Yes,0.0,59.2
23.5,72.3,High,Medium,Yes,7.2,85.9,Medium,Yes,4.0,66.5
28.2,84.4,High,Medium,No,7.2,53.6,Medium,Yes,1.0,55.2
22.5,88.7,Medium,Medium,No,8.6,88.7,Medium,Yes,1.0,75.6
16.4,82.0,High,High,Yes,8.3,76.6,Medium,Yes,0.0,56.6
28.3,81.0,Low,Medium,No,7.5,97.9,Medium,Yes,1.0,73.6
23.7,97.4,Medium,High,Yes,6.3,58.1,Medium,Yes,0.0,55.2
16.7,66.1,Medium,Low,Yes,6.7,88.2,Medium,Yes,0.0,60.5
20.1,94.8,Medium,High,No,7.4,79.2,Medium,Yes,2.0,74.7
15.7,91.1,High,Medium,Yes,6.0,94.7,Medium,No,1.0,68.9
16.9,76.4,High,Low,Yes,6.1,81.0,Medium,Yes,1.0,58.9
19.2,92.0,Medium,Medium,Yes,6.6,90.0,Medium,Yes,1.0,70.0
19.6,82.7,High,High,No,8.5,79.1,Medium,Yes,0.0,69.4
26.2,61.3,Medium,Medium,No,7.1,90.9,Medium,Yes,3.0,67.2
19.6,73.3,High,Medium,Yes,5.6,93.5,Medium,Yes,0.0,70.8
23.6,77.8,Low,Medium,Yes,7.7,57.9,Medium,Yes,2.0,57.4
25.5,65.2,Low,Medium,Yes,9.1,69.3,Medium,Yes,2.0,59.2
14.6,64.6,Low,High,No,4.8,76.2,Medium,Yes,2.0,58.8
13.1,97.3,Low,High,Yes,8.7,98.9,Medium,Yes,0.0,69.9
27.6,63.0,Medium,Medium,No,7.2,62.9,Medium,Yes,1.0,58.5
13.0,68.9,High,High,Yes,6.7,69.6,Medium,Yes,0.0,43.5
25.6,98.9,Low,Low,Yes,6.5,90.5,Medium,Yes,0.0,72.4
25.6,88.5,Medium,Low,No,6.4,72.0,Medium,Yes,0.0,68.3
25.8,67.0,Medium,Medium,Yes,7.4,98.2,Medium,Yes,2.0,71.5
14.4,80.7,Medium,High,Yes,6.8,59.9,Medium,Yes,2.0,49.9
18.1,88.8,Medium,Medium,No,8.6,66.4,Medium,Yes,1.0,52.4
16.8,88.6,Medium,High,No,6.8,68.9,Medium,Yes,1.0,52.2
24.7,98.8,Medium,Low,Yes,7.4,68.4,Medium,Yes,3.0,61.9
30.8,67.5,High,High,Yes,7.7,66.1,Medium,No,2.0,65.0
25.8,95.7,Medium,Low,Yes,8.0,95.1,Medium,Yes,0.0,75.9
16.8,83.2,High,High,Yes,7.4,90.2,Medium,Yes,2.0,69.8
33.5,87.0,,Medium,Yes,7.9,81.9,Medium,Yes,2.0,69.6
20.4,79.5,,High,Yes,9.0,85.9,Medium,Yes,1.0,59.6
19.7,82.9,High,Low,Yes,8.1,76.7,Medium,Yes,2.0,66.8
14.7,77.0,Low,Low,No,7.8,90.7,Medium,Yes,2.0,61.5
15.1,72.4,High,Medium,Yes,4.8,55.1,Medium,Yes,2.0,53.6
16.4,82.3,High,Medium,Yes,7.3,70.4,Medium,Yes,0.0,63.4
25.1,98.6,High,Medium,No,8.6,65.6,Medium,Yes,1.0,68.2
29.5,95.1,High,Medium,Yes,7.2,89.7,Medium,Yes,1.0,74.8
27.1,74.1,Low,High,Yes,6.1,81.5,Medium,Yes,3.0,68.3
30.3,85.0,Medium,Medium,Yes,5.9,97.4,Medium,Yes,0.0,79.6
8.8,97.4,Medium,Medium,Yes,7.6,88.2,Medium,Yes,1.0,57.4
28.4,92.9,High,Medium,Yes,6.7,88.7,Medium,Yes,2.0,77.0
18.5,81.9,Medium,Medium,No,7.3,82.7,Medium,Yes,2.0,64.0
22.6,71.3,Low,Medium,No,7.4,74.3,Medium,Yes,1.0,56.9
33.4,66.6,Medium,High,Yes,7.0,74.4,Medium,Yes,3.0,66.2
17.9,68.3,Medium,Medium,Yes,7.7,95.4,Medium,Yes,1.0,62.0
24.6,76.7,Medium,Medium,Yes,7.9,87.7,Medium,Yes,2.0,69.8
22.0,99.3,Medium,Medium,No,7.2,69.2,Medium,Yes,1.0,61.7
14.3,74.0,High,Low,No,7.9,54.5,Medium,Yes,0.0,39.3
21.2,80.5,Medium,Low,No,7.0,73.1,Medium,No,0.0,60.3
5.5,,Medium,High,No,10.0,89.7,Medium,Yes,1.0,51.4
21.8,77.3,,Medium,No,5.3,86.6,Medium,Yes,0.0,59.5
26.1,69.5,Medium,Medium,No,7.5,55.4,Medium,Yes,2.0,56.1
20.9,97.6,High,Low,No,6.4,72.5,Medium,Yes,1.0,66.4
26.8,70.9,High,Low,,5.3,75.4,Medium,Yes,1.0,61.7
19.7,80.1,Medium,Medium,No,8.0,67.4,Medium,Yes,2.0,57.8
26.9,75.6,Medium,Low,Yes,5.8,63.3,Medium,Yes,2.0,60.2
18.0,72.7,High,Medium,Yes,5.5,61.7,Medium,Yes,2.0,57.9
24.3,69.2,High,Low,No,6.6,82.2,Medium,Yes,1.0,54.8
18.3,69.6,Medium,Low,Yes,7.2,53.1,Medium,Yes,3.0,47.8
25.2,67.4,High,Medium,No,6.3,88.2,Medium,Yes,1.0,64.2
25.7,87.1,Medium,High,No,7.8,59.5,Medium,Yes,2.0,51.6
23.1,72.2,Low,Medium,Yes,8.5,60.4,Medium,Yes,2.0,64.5
24.3,95.2,High,Medium,Yes,7.9,89.3,Medium,Yes,2.0,68.7
7.3,89.6,Medium,Medium,,6.3,51.0,Medium,Yes,1.0,42.1
23.3,78.0,Medium,High,Yes,5.2,58.8,Medium,Yes,2.0,46.6
15.1,60.1,Medium,Medium,Yes,6.8,89.4,Medium,No,2.0,50.9
24.2,67.7,Medium,Medium,Yes,6.6,50.4,Medium,Yes,2.0,50.9
14.9,87.0,Medium,High,Yes,9.9,55.7,Medium,Yes,1.0,52.5
20.9,64.9,Low,High,No,7.9,72.9,Medium,Yes,0.0,58.0
25.9,96.1,Medium,Medium,Yes,8.8,80.9,Medium,Yes,0.0,67.8
20.0,85.0,Medium,High,Yes,7.4,95.1,Medium,Yes,4.0,73.9
28.6,62.1,Medium,Medium,No,7.7,93.4,Medium,Yes,3.0,66.5
12.2,89.3,,Low,Yes,7.6,84.1,Medium,Yes,1.0,54.4
13.3,61.8,High,Medium,Yes,8.2,67.7,Medium,Yes,4.0,51.9
24.8,92.9,High,Medium,Yes,7.3,92.1,Medium,Yes,4.0,74.4
15.7,92.3,High,Medium,Yes,8.5,55.3,Medium,Yes,2.0,52.5
13.8,60.3,Medium,High,Yes,9.0,70.4,Medium,Yes,2.0,52.4
26.0,93.6,Medium,Medium,Yes,6.2,82.3,Medium,Yes,4.0,77.1
13.6,86.8,High,High,No,5.7,70.2,Medium,Yes,2.0,65.7
17.4,90.9,Medium,Medium,Yes,6.4,90.9,Medium,Yes,1.0,67.7
27.4,78.2,Medium,Low,Yes,6.7,51.9,Medium,Yes,2.0,56.4
20.3,89.1,High,Medium,No,7.4,58.0,Medium,Yes,1.0,51.5
29.4,97.1,High,Medium,No,8.5,60.7,Medium,Yes,1.0,64.7
22.9,72.9,High,Low,Yes,4.4,63.6,Medium,Yes,0.0,46.6
24.8,98.8,Medium,Low,No,5.8,90.5,Medium,Yes,2.0,72.4
11.4,64.0,Medium,,No,7.7,77.8,Medium,No,3.0,63.1
18.6,90.5,Medium,High,Yes,6.7,86.8,Medium,Yes,1.0,66.3
15.5,62.1,High,High,No,9.3,68.2,Medium,Yes,4.0,52.1
14.7,78.0,High,High,No,7.7,62.9,Medium,Yes,1.0,54.0
17.6,87.3,Medium,High,Yes,6.5,83.2,Medium,No,2.0,69.4
15.6,65.5,Medium,High,Yes,6.2,66.2,Medium,Yes,1.0,53.1
20.6,97.5,Medium,High,Yes,6.6,71.1,Medium,No,2.0,67.1
25.1,69.7,Medium,High,Yes,6.5,59.7,Medium,Yes,0.0,54.6
21.4,93.8,Medium,Medium,Yes,9.6,93.2,Medium,Yes,1.0,68.0
23.9,95.6,High,High,Yes,6.4,83.5,Medium,Yes,3.0,73.3
19.8,97.8,Medium,Medium,No,6.9,84.7,Medium,Yes,0.0,62.8
21.1,88.3,Medium,High,No,6.9,96.7,Medium,No,2.0,74.1
21.2,65.8,High,Medium,Yes,8.3,60.7,Medium,Yes,1.0,55.1
20.1,76.5,High,High,No,8.0,66.8,Medium,Yes,0.0,56.5
19.9,61.0,Medium,Medium,Yes,6.9,58.9,Medium,Yes,0.0,49.9
6.6,72.8,High,High,No,6.2,53.9,Medium,Yes,2.0,41.9
18.5,,High,Medium,No,7.3,80.6,Medium,Yes,1.0,62.1
23.9,78.3,Medium,High,No,8.0,99.5,Medium,Yes,4.0,74.2
21.5,73.0,Low,Low,Yes,6.8,71.7,Medium,Yes,2.0,52.3
19.6,91.1,Low,Low,Yes,4.2,53.5,Medium,Yes,0.0,48.8
21.7,65.2,Medium,Medium,Yes,5.4,63.4,Medium,,1.0,54.4
19.7,86.8,Medium,Low,No,6.0,99.3,Medium,No,1.0,60.7
31.6,70.1,Medium,Low,Yes,9.4,98.3,Medium,Yes,3.0,77.1
13.0,79.4,Low,Medium,Yes,7.7,66.6,Medium,Yes,1.0,56.7
29.2,60.4,Medium,Medium,Yes,5.7,96.6,Medium,Yes,1.0,71.5
23.1,82.2,Medium,Medium,Yes,6.9,60.4,Medium,Yes,2.0,59.9
15.2,69.3,High,Medium,Yes,6.7,62.9,Medium,Yes,2.0,51.1
17.0,70.6,High,Low,Yes,6.4,61.1,Medium,Yes,3.0,49.7
14.0,78.6,Medium,Low,Yes,6.3,62.1,Medium,Yes,1.0,48.1
21.2,79.7,High,High,No,8.3,85.2,Medium,Yes,1.0,67.3
14.5,81.3,Low,High,No,7.8,55.1,Medium,Yes,0.0,42.2
23.4,69.1,High,Medium,Yes,6.3,88.1,Medium,Yes,0.0,64.7
18.2,63.7,Low,Medium,Yes,8.1,61.7,Medium,Yes,,53.9
21.6,97.9,Medium,Low,Yes,6.8,88.4,Medium,Yes,1.0,69.1
26.4,91.4,Low,High,Yes,6.9,93.0,Medium,No,0.0,76.7
21.9,86.4,Medium,High,Yes,6.7,56.6,Medium,Yes,0.0,58.2
26.4,93.4,High,Medium,Yes,7.4,69.0,Medium,No,1.0,66.4
21.9,64.0,High,High,No,6.4,97.9,Medium,Yes,1.0,72.7
16.9,84.1,Medium,High,No,6.5,64.5,Medium,Yes,0.0,58.4
18.9,71.2,High,High,Yes,6.8,70.0,Medium,Yes,2.0,55.6
22.2,71.0,High,Medium,Yes,9.1,71.7,Medium,Yes,0.0,56.8
12.6,65.5,Low,Low,Yes,7.1,56.6,Medium,Yes,0.0,35.9
21.6,82.5,High,High,No,7.1,51.4,Medium,Yes,1.0,50.6
31.6,84.6,High,High,Yes,,96.5,Medium,Yes,0.0,70.8
28.5,67.6,Medium,Low,Yes,8.8,84.4,Medium,Yes,0.0,58.8
16.8,95.5,Medium,Medium,Yes,8.5,66.2,Medium,Yes,1.0,51.9
19.9,89.9,High,Medium,No,7.3,72.8,Medium,Yes,2.0,72.9
17.9,66.7,Medium,Medium,Yes,5.6,90.5,Medium,Yes,5.0,68.1
19.1,68.3,High,,Yes,6.9,88.8,Medium,Yes,0.0,67.1
13.1,71.4,Medium,Medium,Yes,6.6,90.4,Medium,Yes,2.0,56.3
11.0,71.8,Low,Low,Yes,6.7,81.3,Medium,Yes,0.0,48.0
21.9,88.4,High,,No,7.6,99.3,Medium,Yes,1.0,73.8
16.4,95.3,Medium,Medium,No,8.0,82.2,Medium,Yes,1.0,62.4
19.1,89.0,Medium,High,No,8.1,87.0,Medium,Yes,1.0,60.0
13.2,72.9,High,High,Yes,7.2,76.7,Medium,Yes,2.0,54.6
17.3,79.0,High,Medium,No,8.5,81.7,Medium,Yes,0.0,63.9
25.4,87.2,High,Medium,Yes,8.1,76.7,Medium,Yes,3.0,73.2
33.4,95.1,High,High,Yes,6.8,62.5,Medium,Yes,3.0,70.0
13.7,69.8,Low,High,No,7.7,97.8,Medium,Yes,1.0,63.2
20.1,81.8,Low,Medium,Yes,9.1,81.9,Medium,Yes,1.0,57.5
25.4,74.0,Medium,High,Yes,7.9,61.4,Medium,Yes,2.0,60.9
13.1,80.4,Low,Medium,No,7.0,92.1,Medium,Yes,0.0,68.6
29.7,75.8,Medium,Low,No,6.1,67.1,Medium,Yes,0.0,62.5
17.2,77.7,High,Low,Yes,7.4,83.2,Medium,Yes,0.0,67.1
15.4,80.2,Medium,Medium,Yes,8.2,54.8,Medium,Yes,2.0,47.5
10.9,69.3,High,Medium,Yes,4.0,88.1,Medium,Yes,1.0,51.1
18.4,70.0,High,High,No,6.7,57.4,Medium,Yes,3.0,56.3
17.8,86.6,High,Medium,Yes,8.5,70.5,Medium,Yes,1.0,54.8
25.5,75.7,High,Medium,No,9.1,54.1,Medium,Yes,1.0,51.2
21.3,97.2,Medium,High,Yes,7.8,70.8,Medium,Yes,3.0,69.2
12.2,96.2,Low,Low,No,7.1,70.4,Medium,No,0.0,56.9
16.9,92.6,High,Medium,Yes,7.1,61.6,Medium,Yes,0.0,50.0
17.6,89.2,High,Medium,Yes,5.3,98.2,Medium,Yes,2.0,69.6
20.9,72.1,Medium,Medium,No,8.8,99.6,Medium,Yes,2.0,67.3
16.5,61.8,Medium,Medium,No,7.6,88.7,Medium,Yes,4.0,66.7
26.7,83.6,High,Medium,Yes,5.3,82.3,Medium,Yes,4.0,76.4
21.2,66.9,Low,Medium,No,5.5,95.7,Medium,Yes,2.0,66.0
19.6,70.9,High,Low,No,8.8,58.1,Medium,Yes,2.0,48.9
11.3,84.4,High,Low,Yes,5.8,66.3,Medium,Yes,0.0,43.1
14.7,66.7,High,Low,Yes,4.1,94.5,Medium,No,3.0,65.6
11.3,99.6,Low,Medium,No,9.5,93.9,Medium,Yes,1.0,67.4
24.7,80.5,Medium,Medium,No,9.1,70.4,Medium,Yes,0.0,62.7
26.3,62.1,Medium,Medium,Yes,9.2,87.5,Medium,Yes,1.0,67.3
17.8,60.1,Low,Medium,No,8.5,62.5,Medium,Yes,,46.4
18.0,79.6,Medium,Medium,Yes,9.8,59.8,Medium,Yes,1.0,57.9
19.7,98.1,High,High,Yes,7.7,84.7,Medium,Yes,,71.4
27.3,65.5,High,High,Yes,4.9,89.5,Medium,Yes,1.0,66.8
17.6,61.7,Low,High,Yes,5.7,67.5,Medium,No,1.0,56.5
17.3,64.1,High,Medium,No,8.3,56.4,Medium,Yes,1.0,50.3
19.8,69.1,Medium,High,Yes,8.6,80.5,Medium,Yes,3.0,57.9
14.5,60.4,Medium,Medium,Yes,7.1,77.4,Medium,Yes,2.0,51.3
16.1,77.0,Medium,Medium,Yes,6.3,99.3,Medium,Yes,6.0,70.0
26.5,64.9,High,Low,Yes,7.2,55.8,Medium,Yes,2.0,47.9
23.3,61.7,Medium,High,No,7.5,87.3,Medium,Yes,2.0,70.3
30.9,66.7,Medium,Medium,Yes,8.3,64.5,Medium,Yes,2.0,50.0
21.7,76.3,Medium,Medium,Yes,7.9,83.1,Medium,Yes,2.0,66.4
14.5,82.2,High,High,Yes,5.7,86.5,Medium,No,1.0,59.9
10.3,86.0,High,High,No,6.8,72.1,Medium,Yes,1.0,58.7
20.9,90.8,Medium,High,No,8.6,93.5,Medium,Yes,0.0,63.2
17.4,77.3,Medium,Medium,Yes,5.1,93.0,Medium,Yes,1.0,66.5
21.0,69.9,Medium,Medium,No,6.5,67.4,Medium,Yes,1.0,58.7
17.0,67.9,Medium,Medium,Yes,7.2,62.6,Medium,Yes,1.0,41.6
33.1,93.5,High,High,Yes,9.1,64.7,Medium,Yes,0.0,63.6
25.3,92.1,High,Medium,No,8.6,99.2,Medium,Yes,1.0,75.5
27.3,62.9,Medium,Low,Yes,5.6,91.6,Medium,No,1.0,61.3
15.9,69.5,Medium,Medium,Yes,7.0,81.5,Medium,No,1.0,64.3
20.9,83.2,High,High,Yes,5.9,55.3,Medium,Yes,1.0,47.1
16.3,83.6,High,Medium,Yes,5.6,94.8,Medium,Yes,1.0,68.7
6.2,76.1,Low,Medium,Yes,8.4,71.6,Medium,Yes,1.0,46.7
15.1,95.0,Medium,High,Yes,7.4,95.5,Medium,Yes,0.0,66.7
29.2,74.2,High,High,No,9.2,82.0,Medium,Yes,0.0,69.5
24.8,,High,High,No,7.6,60.1,Medium,Yes,1.0,61.6
22.4,99.7,Low,Low,No,6.7,55.3,Medium,Yes,3.0,62.0
19.4,70.9,Low,High,Yes,8.5,87.4,Medium,Yes,0.0,62.8
11.2,90.5,Medium,Medium,Yes,7.4,79.3,Medium,Yes,2.0,64.2
31.0,90.7,Medium,Low,No,9.6,51.0,Medium,Yes,1.0,59.1
13.6,96.0,Medium,Low,No,5.2,100.0,Medium,Yes,0.0,59.0
23.0,74.2,High,High,,8.8,61.0,Medium,Yes,0.0,63.4
12.3,91.6,Medium,Medium,Yes,5.3,53.8,Medium,Yes,1.0,51.0
11.4,82.3,Medium,Medium,Yes,6.6,88.7,Medium,Yes,2.0,58.8
11.2,98.9,Medium,High,Yes,7.3,89.5,Medium,Yes,0.0,70.3
26.3,76.0,Medium,Medium,No,6.3,78.9,Medium,Yes,0.0,65.2
23.3,79.7,Low,High,Yes,6.5,80.0,Medium,Yes,4.0,70.7
12.0,99.1,Medium,Low,Yes,7.8,71.1,Medium,Yes,2.0,61.2
12.3,95.0,Medium,Medium,Yes,5.5,89.4,Medium,Yes,0.0,68.2
16.2,67.8,Medium,High,Yes,6.1,55.2,Medium,Yes,1.0,53.2
29.7,92.1,High,Medium,No,7.4,90.0,Medium,Yes,2.0,72.3
17.4,77.3,Medium,Low,No,7.3,94.1,Medium,Yes,0.0,60.5
15.4,95.1,Medium,High,Yes,7.0,55.3,Medium,Yes,2.0,59.5
15.3,81.0,High,Low,Yes,9.6,85.6,Medium,Yes,1.0,62.2
28.6,97.3,High,Medium,No,7.0,66.0,Medium,Yes,1.0,65.7
24.8,62.9,Medium,Low,No,8.3,93.0,Medium,Yes,1.0,65.6
20.6,84.1,Low,High,Yes,5.9,90.1,Medium,Yes,1.0,63.7
15.3,93.6,Medium,Medium,Yes,7.9,76.7,Medium,Yes,1.0,60.3
10.1,67.6,Medium,High,Yes,8.3,59.7,Medium,Yes,0.0,40.5
16.1,68.6,Medium,Low,Yes,6.6,58.2,Medium,Yes,0.0,46.4
24.0,64.3,Medium,High,Yes,8.0,85.9,Medium,Yes,0.0,64.2
17.2,87.2,Low,High,No,7.8,86.7,Medium,Yes,0.0,62.9
26.8,62.8,Medium,Medium,Yes,8.6,72.3,Medium,No,0.0,62.0
20.7,64.0,Medium,Medium,No,9.6,57.2,Medium,Yes,2.0,52.9
9.3,82.3,High,Medium,No,8.1,96.7,Medium,Yes,1.0,62.0
25.5,95.0,Medium,Low,Yes,6.4,93.2,Medium,Yes,1.0,77.0
17.4,92.5,High,High,No,8.5,85.0,Medium,Yes,2.0,64.4
20.0,63.1,High,Low,Yes,6.8,57.9,Medium,Yes,0.0,48.6
26.9,62.6,High,Low,No,7.5,71.4,Medium,Yes,6.0,64.8
25.5,76.4,Medium,Medium,Yes,6.3,92.1,Medium,Yes,1.0,70.3
6.0,92.2,Medium,High,No,6.8,74.5,Medium,Yes,2.0,59.9
18.4,70.3,Low,Medium,Yes,4.0,94.3,Medium,Yes,1.0,66.7
19.0,93.8,Medium,Medium,Yes,6.5,79.0,Medium,Yes,2.0,69.8
15.6,64.2,High,Low,No,6.2,77.7,Medium,Yes,1.0,52.6
21.1,94.9,Medium,High,Yes,5.4,87.6,Medium,Yes,1.0,67.0
23.0,81.2,Low,Low,No,5.4,77.5,Medium,Yes,0.0,64.6
12.7,97.7,Low,High,No,9.2,89.2,Medium,Yes,1.0,61.6
12.4,81.6,High,Medium,Yes,7.7,97.5,Medium,,0.0,60.1
21.6,61.2,Low,Low,Yes,8.7,91.7,Medium,No,2.0,61.0
21.5,92.3,Medium,Medium,No,7.0,66.9,Medium,,3.0,63.8
15.7,85.7,Low,Medium,Yes,7.4,78.3,Medium,Yes,1.0,47.2
21.6,84.5,Medium,High,No,9.1,78.8,Medium,Yes,3.0,63.4
20.7,97.5,Medium,High,No,7.4,52.7,Medium,Yes,0.0,55.7
22.6,84.4,Low,Medium,No,6.0,98.5,Medium,Yes,1.0,69.2
22.1,97.3,Low,Medium,Yes,8.0,80.6,Medium,Yes,2.0,72.7
25.7,87.1,Medium,Low,No,4.5,93.9,Medium,No,1.0,67.7
18.6,63.7,Medium,Medium,Yes,5.0,50.1,Medium,Yes,2.0,45.2
18.0,67.5,Medium,Medium,Yes,8.0,93.9,Medium,Yes,2.0,63.3
16.6,76.8,Medium,High,No,6.9,56.0,Medium,No,0.0,55.2
28.6,76.2,Medium,Medium,Yes,8.5,70.7,Medium,Yes,1.0,68.7
22.5,62.8,Low,Medium,No,6.7,96.2,Medium,Yes,2.0,63.0
20.3,60.7,Medium,Low,Yes,7.3,74.7,Medium,Yes,3.0,54.5
11.7,77.8,High,Low,Yes,6.1,79.7,Medium,Yes,2.0,55.3
12.6,90.7,,Medium,Yes,7.4,85.4,Medium,Yes,0.0,50.7
18.1,83.3,Medium,Low,No,9.2,60.6,Medium,Yes,2.0,54.2
17.7,80.0,Medium,High,Yes,9.8,91.1,Medium,Yes,2.0,67.0
5.9,70.1,Low,Medium,No,8.4,55.2,Medium,Yes,3.0,39.6
23.2,75.0,Medium,High,Yes,5.5,75.3,Medium,Yes,0.0,58.9
29.4,81.9,Medium,Medium,No,7.6,94.6,Medium,Yes,1.0,76.6
17.4,96.4,Low,Medium,Yes,8.1,61.9,Medium,Yes,0.0,43.2
16.6,88.3,High,Medium,Yes,8.7,52.9,Medium,Yes,3.0,58.5
9.7,63.9,,High,Yes,7.4,50.2,Medium,Yes,0.0,37.6
19.2,84.7,High,Medium,Yes,5.4,51.5,Medium,Yes,0.0,51.5
23.4,67.7,Medium,Medium,Yes,8.7,82.4,Medium,Yes,4.0,62.0
25.5,91.1,High,Medium,No,7.9,88.0,Medium,Yes,1.0,74.2
20.1,72.0,Low,Medium,No,10.0,97.8,Medium,Yes,3.0,61.9
17.1,72.2,High,High,Yes,8.3,55.2,Medium,Yes,0.0,52.4
26.3,75.4,Medium,Medium,No,8.8,76.3,Medium,Yes,2.0,59.6
14.1,65.5,Low,High,No,8.8,66.3,Medium,Yes,3.0,59.8
22.1,96.6,Low,Medium,Yes,5.8,58.1,Medium,Yes,2.0,61.2
16.9,67.5,,Medium,Yes,6.5,,Medium,Yes,1.0,54.7
25.3,83.5,Medium,High,No,6.4,97.7,Medium,Yes,1.0,73.8
21.5,98.8,High,Low,No,7.9,77.5,Medium,Yes,0.0,64.8
22.2,60.7,Medium,Medium,No,5.7,70.5,Medium,Yes,1.0,60.2
27.7,73.6,Medium,Low,No,8.2,52.8,Medium,Yes,2.0,52.1
27.8,62.6,Medium,Low,No,6.1,50.8,Medium,Yes,1.0,53.6
19.9,97.3,Medium,Medium,No,8.2,95.8,Medium,Yes,0.0,64.7
21.6,62.9,High,High,Yes,5.9,72.8,Medium,Yes,2.0,53.2
8.5,83.6,Medium,High,No,4.2,70.3,Medium,No,0.0,50.7
16.0,73.0,Medium,High,,7.6,94.2,Medium,No,3.0,68.5
32.6,61.6,High,Low,No,8.1,56.1,Medium,Yes,2.0,57.9
25.4,62.7,Medium,Medium,No,7.7,55.1,Medium,No,1.0,55.8
32.3,86.7,High,Medium,No,5.1,86.5,Medium,Yes,2.0,77.1
26.1,65.4,Low,Medium,Yes,7.6,67.8,Medium,Yes,0.0,60.9
20.6,72.6,Low,High,No,6.4,68.3,Medium,Yes,4.0,54.6
16.8,76.4,High,Low,Yes,4.9,56.5,Medium,Yes,2.0,56.6
25.6,88.4,High,Medium,Yes,6.6,55.4,Medium,Yes,1.0,56.3
39.2,92.4,Low,High,Yes,4.5,94.5,Medium,Yes,1.0,83.0
26.6,91.7,Medium,Medium,No,6.2,58.0,Medium,Yes,1.0,59.2
22.7,91.9,Low,High,No,9.0,73.0,Medium,Yes,5.0,69.7
34.2,78.8,Medium,Medium,No,8.4,57.4,Medium,Yes,3.0,62.6
15.8,73.5,High,Low,No,8.4,89.0,Medium,No,0.0,56.2
20.1,66.9,Low,Low,Yes,7.8,50.8,Medium,Yes,0.0,44.6
22.1,74.0,Medium,Medium,No,8.3,68.0,Medium,Yes,0.0,57.8
22.4,79.4,High,Medium,No,6.3,54.0,Medium,No,3.0,61.4
4.5,,Medium,Low,Yes,6.6,56.4,Medium,Yes,3.0,45.7
16.9,86.3,High,Medium,Yes,8.6,77.7,Medium,Yes,3.0,65.3
24.5,61.5,Medium,High,Yes,7.5,72.6,Medium,Yes,2.0,62.6
25.6,89.2,High,Medium,Yes,8.3,98.1,Medium,Yes,0.0,66.1
26.7,81.5,Medium,Low,No,7.3,88.1,Medium,Yes,2.0,71.9
15.5,,High,Medium,No,6.1,95.7,Medium,Yes,1.0,68.9
24.9,63.4,Low,Low,Yes,5.6,77.5,Medium,Yes,0.0,52.9
17.3,95.6,Medium,High,No,9.1,89.4,Medium,Yes,1.0,80.9
20.0,80.5,High,Low,No,5.3,54.0,Medium,Yes,2.0,55.9
21.8,77.0,High,Medium,No,10.0,78.6,Medium,Yes,1.0,55.2
19.4,85.2,Medium,Medium,No,7.2,80.2,Medium,Yes,2.0,58.0
21.0,99.0,High,Medium,Yes,5.4,58.4,Medium,No,2.0,62.2
20.7,60.8,High,Low,No,5.8,84.4,Medium,Yes,1.0,59.8
24.1,71.5,Medium,Medium,Yes,5.6,59.6,Medium,Yes,0.0,50.0
28.0,91.3,Medium,Medium,Yes,6.7,82.2,Medium,Yes,2.0,77.8
28.0,68.6,Medium,Medium,No,6.8,71.4,Medium,Yes,1.0,51.4
21.4,78.9,Medium,Low,No,4.0,58.9,Medium,Yes,1.0,50.8
19.6,87.0,High,High,No,8.1,81.4,Medium,Yes,0.0,60.5
21.1,80.4,Medium,Medium,Yes,6.5,78.1,Medium,Yes,1.0,67.6
13.8,71.4,High,Medium,Yes,6.6,81.7,Medium,Yes,2.0,60.6
27.5,90.3,Medium,Medium,Yes,6.5,55.1,Medium,Yes,1.0,64.9
17.6,77.6,Low,Medium,No,8.6,51.8,Medium,Yes,1.0,45.6
8.7,63.6,High,Medium,No,6.3,87.0,Medium,Yes,1.0,56.5
12.9,89.2,Medium,Low,Yes,9.2,84.6,Medium,Yes,2.0,57.7
30.1,87.3,Medium,High,No,6.7,79.4,Medium,Yes,1.0,68.5
23.5,,Medium,Medium,Yes,5.2,90.9,Medium,Yes,3.0,76.8
21.0,,Medium,Low,No,6.2,57.5,Medium,Yes,3.0,51.2
21.7,94.7,Medium,Medium,No,7.4,94.0,Medium,Yes,2.0,81.9
21.8,79.8,Medium,High,Yes,7.1,77.4,Medium,Yes,5.0,64.9
16.2,80.3,Low,Medium,,6.4,93.3,Medium,Yes,2.0,72.3
11.2,85.1,High,High,Yes,8.8,85.7,Medium,No,1.0,57.0
21.0,82.9,High,High,No,7.8,,Medium,Yes,1.0,52.8
14.9,70.2,Medium,Medium,Yes,8.5,68.2,Medium,Yes,1.0,51.2
30.0,93.4,High,Low,Yes,7.9,92.2,Medium,Yes,0.0,78.8
29.1,74.4,Medium,High,Yes,8.0,92.5,Medium,Yes,2.0,81.7
17.5,64.8,Medium,High,No,4.9,71.1,Medium,Yes,2.0,58.0
21.8,79.3,Medium,Medium,Yes,7.4,85.0,Medium,Yes,5.0,69.0
15.0,68.8,High,Medium,No,6.9,70.6,Medium,Yes,0.0,49.5
26.8,80.8,Medium,Medium,Yes,9.4,67.3,Medium,Yes,2.0,63.6
24.4,86.2,Medium,,No,5.0,60.6,Medium,Yes,2.0,54.3
15.1,80.4,,High,Yes,7.7,88.4,Medium,Yes,1.0,64.6
28.5,93.5,Low,Low,,6.5,93.5,Medium,Yes,1.0,78.5
17.9,79.9,Medium,High,Yes,4.6,64.9,Medium,Yes,1.0,59.4
21.9,97.1,Medium,High,Yes,6.9,88.1,Medium,Yes,3.0,70.0
10.9,62.1,Low,Low,Yes,10.0,99.6,Medium,Yes,1.0,52.1
24.6,60.2,Medium,Low,Yes,8.2,60.6,Medium,Yes,1.0,50.9
13.5,94.8,Medium,Medium,No,7.2,80.9,Medium,Yes,1.0,67.6
5.3,82.5,Low,Medium,Yes,8.5,77.2,Medium,Yes,2.0,53.3
32.2,83.5,Medium,High,No,5.4,58.2,Medium,Yes,0.0,59.6
23.4,90.9,Medium,Low,Yes,7.6,91.1,Medium,Yes,1.0,70.9
24.9,86.5,Medium,High,Yes,7.1,62.9,Medium,No,2.0,59.1
5.5,72.6,Medium,Medium,No,5.9,64.5,Medium,Yes,1.0,44.8
21.4,70.3,Low,Medium,Yes,7.1,72.6,Medium,Yes,2.0,53.4
16.4,91.9,High,High,Yes,6.3,60.8,Medium,Yes,2.0,57.4
8.2,72.0,High,Low,Yes,6.2,62.8,Medium,Yes,1.0,44.4
34.0,61.3,Medium,High,Yes,8.1,82.7,Medium,Yes,2.0,69.1
8.8,91.2,High,Medium,No,9.9,58.1,Medium,Yes,6.0,54.0
22.4,92.4,Low,Medium,Yes,5.4,65.0,Medium,Yes,5.0,58.7
27.4,80.0,Medium,High,Yes,6.8,67.6,Medium,Yes,2.0,61.3
23.6,71.8,High,Medium,Yes,5.8,91.5,Medium,Yes,2.0,64.8
28.4,87.5,Low,Medium,Yes,7.3,83.2,Medium,Yes,2.0,66.7
20.4,73.1,Medium,Medium,Yes,7.1,89.7,Medium,Yes,2.0,72.5
20.5,88.8,Medium,High,No,6.9,80.9,Medium,No,2.0,72.7
25.8,63.1,High,Medium,No,8.7,74.2,Medium,Yes,2.0,68.6
8.3,71.1,Medium,Medium,No,8.0,77.6,Medium,Yes,1.0,55.2
9.8,92.8,High,Low,No,8.9,92.5,Medium,Yes,1.0,62.4
37.4,78.9,Low,Medium,Yes,5.2,70.4,Medium,Yes,3.0,75.1
22.3,,Low,Medium,Yes,8.1,66.0,Medium,Yes,4.0,57.1
36.8,71.0,Medium,High,Yes,7.5,59.3,Medium,Yes,1.0,72.8
21.3,73.9,Low,High,Yes,8.7,67.3,Medium,Yes,3.0,64.2
27.1,64.6,Medium,High,No,4.0,80.4,Medium,Yes,1.0,63.9
13.2,69.1,High,High,Yes,5.8,80.5,Medium,Yes,4.0,62.1
23.6,94.9,High,High,Yes,6.1,56.2,Medium,Yes,2.0,66.2
26.9,66.6,Medium,Medium,Yes,7.9,75.5,Medium,Yes,1.0,60.9
17.7,72.7,High,High,Yes,5.9,83.0,Medium,Yes,2.0,64.9
12.9,71.4,High,Medium,Yes,4.0,75.1,Medium,Yes,0.0,57.3
13.2,98.5,Medium,High,No,8.9,85.6,Medium,Yes,3.0,73.3
11.0,73.3,Medium,Low,Yes,5.4,91.5,Medium,No,3.0,58.2
9.9,65.1,High,Medium,Yes,7.9,58.0,Medium,Yes,6.0,47.3
15.6,68.9,Medium,High,Yes,5.9,79.7,Medium,Yes,0.0,57.8
24.8,98.8,Low,Medium,No,6.6,66.6,Medium,Yes,3.0,74.1
21.2,79.9,Low,Medium,No,6.3,73.7,Medium,No,1.0,57.2
18.4,85.2,Medium,Medium,No,4.5,96.1,Medium,Yes,1.0,66.3
11.3,71.0,Medium,Low,Yes,7.4,65.6,Medium,Yes,1.0,43.5
16.7,99.8,Medium,High,No,6.2,71.1,Medium,Yes,3.0,62.0
16.0,95.7,Medium,High,No,5.5,65.9,Medium,Yes,1.0,50.3
22.6,78.8,Medium,High,Yes,7.2,73.6,Medium,Yes,0.0,58.7
16.2,91.6,High,Medium,Yes,6.3,71.9,Medium,Yes,1.0,64.6
19.6,87.9,Low,High,Yes,7.5,78.3,Medium,Yes,0.0,66.3
22.9,80.9,High,High,Yes,7.7,53.4,Medium,Yes,0.0,50.6
23.3,87.9,High,Medium,Yes,6.3,56.8,Medium,No,0.0,62.9
14.7,68.1,Medium,High,No,7.0,94.4,Medium,Yes,1.0,74.4
17.8,61.2,Medium,Low,No,7.4,56.4,Medium,Yes,1.0,47.3
19.5,71.6,Low,High,Yes,7.4,53.4,Medium,Yes,1.0,43.4
19.6,89.8,Medium,Low,No,8.0,99.7,Medium,Yes,,72.7
15.0,69.2,Medium,High,Yes,7.9,72.7,Medium,Yes,2.0,59.3
17.2,79.0,Medium,Low,Yes,7.1,50.6,Medium,Yes,2.0,47.2
25.6,98.9,High,Medium,No,9.1,87.4,Medium,Yes,2.0,69.3
14.6,75.5,Low,High,No,7.4,86.5,Medium,Yes,4.0,68.9
24.7,94.8,Medium,Medium,Yes,6.5,92.2,Medium,Yes,1.0,69.6
24.7,67.8,Medium,Medium,Yes,6.9,56.6,Medium,Yes,1.0,50.3
28.9,71.3,Medium,Low,No,6.0,53.1,Medium,Yes,1.0,59.7
23.9,75.9,Medium,Low,Yes,6.9,87.3,Medium,Yes,0.0,56.9
22.1,80.4,Medium,Low,No,8.3,57.8,Medium,Yes,1.0,54.7
25.8,65.4,High,Low,Yes,8.0,76.6,Medium,Yes,0.0,56.5
19.7,91.9,Medium,Medium,No,9.8,65.8,Medium,Yes,2.0,64.1
20.0,70.9,Medium,Medium,Yes,6.5,75.1,Medium,Yes,3.0,61.5
20.9,,Medium,Medium,Yes,8.3,67.5,Medium,Yes,2.0,55.3
21.3,87.1,Medium,Low,Yes,8.0,85.3,Medium,Yes,4.0,70.1
14.3,62.1,Medium,High,Yes,6.9,94.4,Medium,Yes,2.0,59.6
19.2,65.0,Medium,Low,Yes,8.1,79.3,Medium,Yes,1.0,57.6
21.5,98.1,High,Low,No,5.5,52.7,Medium,Yes,1.0,54.3
15.0,61.0,Medium,Medium,No,5.9,58.3,Medium,Yes,2.0,52.6
11.3,96.9,High,Low,,5.7,88.3,Medium,Yes,2.0,60.1
24.6,79.8,Medium,High,No,7.5,50.8,Medium,Yes,0.0,56.6
21.1,92.2,Medium,High,Yes,6.8,78.0,Medium,Yes,2.0,69.2
24.7,97.3,Medium,Medium,Yes,6.1,91.7,Medium,Yes,3.0,83.6
25.8,68.6,High,Medium,Yes,7.4,53.7,Medium,Yes,0.0,53.3
10.7,80.8,Medium,Medium,Yes,8.8,98.1,Medium,Yes,2.0,68.2
9.4,97.2,Low,Medium,No,8.1,96.7,Medium,Yes,0.0,58.0
23.1,71.0,High,High,Yes,8.7,57.1,Medium,Yes,1.0,52.2
23.7,67.5,High,Medium,Yes,6.7,99.0,Medium,Yes,1.0,69.3
22.8,91.1,High,High,Yes,5.9,90.6,Medium,Yes,1.0,76.7
16.9,77.7,Low,Medium,No,8.2,90.2,Medium,Yes,3.0,64.7
24.1,79.8,Low,High,Yes,7.2,69.2,Medium,Yes,1.0,65.0
21.5,76.3,Medium,Medium,Yes,8.4,75.4,Medium,Yes,1.0,59.3
28.3,72.3,Low,Medium,Yes,5.8,61.8,Medium,Yes,2.0,65.2
12.2,94.8,Medium,High,Yes,9.0,66.0,Medium,Yes,0.0,56.2
19.2,83.9,High,High,No,6.0,52.1,Medium,Yes,1.0,57.1
27.1,74.5,High,Medium,Yes,6.5,89.3,Medium,Yes,1.0,65.5
20.6,77.6,High,Medium,Yes,7.3,70.3,Medium,Yes,1.0,55.7
28.8,88.6,Medium,High,No,7.1,99.4,Medium,Yes,1.0,81.8
18.6,94.3,Medium,Medium,No,7.4,95.2,Medium,Yes,2.0,67.9
11.5,69.7,High,Low,Yes,,62.6,Medium,Yes,2.0,46.0
10.1,81.3,Medium,Low,Yes,8.2,94.4,Medium,Yes,3.0,68.2
17.8,86.8,Medium,Medium,Yes,4.3,70.1,Medium,Yes,3.0,58.5
27.2,74.0,High,Medium,Yes,7.7,55.8,Medium,Yes,3.0,56.2
24.1,60.7,Medium,Medium,Yes,8.6,52.5,Medium,Yes,3.0,47.1
24.4,81.3,Medium,High,No,7.5,75.6,Medium,Yes,1.0,67.4
8.7,84.6,Low,Medium,Yes,8.4,96.2,Medium,Yes,0.0,55.9
10.5,89.3,Medium,High,Yes,8.2,61.2,Medium,Yes,0.0,50.1
20.5,64.6,Medium,Medium,Yes,6.7,71.0,Medium,Yes,1.0,53.6
24.0,96.9,Medium,Low,Yes,8.4,94.9,Medium,Yes,0.0,62.0
18.8,89.2,Medium,High,Yes,6.8,82.8,Medium,Yes,1.0,64.2
29.8,77.9,Medium,High,Yes,7.0,74.6,Medium,Yes,0.0,63.6
30.1,94.8,Medium,High,Yes,7.7,90.8,Medium,Yes,0.0,72.5
16.4,80.5,Low,Low,Yes,9.6,98.0,Medium,Yes,1.0,68.7
28.1,65.3,Medium,Medium,Yes,8.0,69.9,Medium,Yes,1.0,59.1
13.1,97.5,Medium,Low,No,7.0,56.2,Medium,Yes,1.0,52.8
19.2,62.2,Medium,Medium,No,7.9,52.3,Medium,Yes,1.0,48.6
32.6,65.8,Low,Medium,No,7.2,95.9,Medium,Yes,1.0,78.2
12.8,,Low,High,Yes,6.5,90.5,Medium,Yes,1.0,66.9
14.3,77.1,Medium,High,No,8.7,94.7,Medium,Yes,2.0,68.6
17.3,92.4,Low,Medium,Yes,5.9,99.5,Medium,Yes,2.0,77.4
16.7,66.6,Medium,Medium,No,10.0,71.3,Medium,No,1.0,56.3
17.7,81.3,Medium,Medium,No,5.7,90.1,Medium,Yes,2.0,66.7
15.0,75.4,Medium,Low,Yes,7.2,81.1,Medium,Yes,1.0,61.3
23.4,71.7,High,Medium,No,8.2,90.9,Medium,No,1.0,60.2
16.9,78.1,,Medium,Yes,9.7,96.3,Medium,Yes,0.0,65.6
10.4,77.3,High,Medium,Yes,6.4,89.4,Medium,Yes,1.0,58.6
9.2,98.3,Medium,Low,No,6.6,91.1,Medium,Yes,1.0,64.5
12.3,93.1,,High,No,8.2,90.6,Medium,Yes,3.0,72.0
11.6,82.3,High,Medium,Yes,6.9,74.8,Medium,Yes,2.0,57.1
27.0,79.3,Low,Medium,Yes,8.1,86.2,Medium,Yes,0.0,69.5
23.4,67.8,High,High,Yes,6.8,56.6,Medium,Yes,0.0,60.6
10.8,72.6,Medium,High,Yes,5.8,99.6,Medium,Yes,6.0,70.6
15.0,76.1,Medium,Low,No,6.8,51.9,Medium,Yes,1.0,37.2
25.0,65.6,Medium,High,Yes,6.9,68.2,Medium,,1.0,61.8
,61.8,High,Low,Yes,5.9,70.4,Medium,Yes,2.0,59.4
27.5,78.8,Medium,Low,Yes,8.6,75.9,Medium,Yes,1.0,65.3
6.2,68.7,High,Medium,No,9.1,78.7,Medium,Yes,0.0,56.4
17.5,91.7,Medium,Medium,Yes,8.1,77.5,Medium,Yes,2.0,64.2
18.4,87.8,High,High,No,7.9,73.1,Medium,Yes,1.0,57.5
17.5,68.4,Medium,Medium,Yes,5.4,71.3,Medium,Yes,1.0,51.3
21.7,78.8,Medium,High,Yes,7.4,55.5,Medium,Yes,0.0,48.0
27.0,66.8,Low,Medium,Yes,4.8,84.4,Medium,Yes,1.0,66.0
19.7,99.6,,Low,Yes,9.2,79.5,Medium,Yes,3.0,59.0
24.3,96.1,High,Medium,No,7.7,59.7,Medium,Yes,2.0,62.4
22.5,63.2,Medium,Medium,,6.4,54.0,Medium,Yes,3.0,41.1
32.6,65.2,High,Medium,Yes,6.4,63.2,Medium,Yes,3.0,69.4
23.1,92.2,High,Medium,Yes,6.8,57.7,Medium,Yes,2.0,64.8
5.9,92.5,Medium,Medium,Yes,5.9,97.4,Medium,Yes,1.0,63.2
26.8,72.6,Medium,Medium,No,5.9,52.5,Medium,Yes,1.0,56.5
21.8,77.6,High,Medium,No,7.5,84.9,Medium,Yes,0.0,60.2
11.4,84.4,High,High,No,7.6,65.7,Medium,Yes,1.0,56.0
22.8,71.4,Medium,Low,Yes,6.9,73.2,Medium,Yes,4.0,63.8
27.2,91.8,Medium,Medium,Yes,9.4,54.1,Medium,Yes,1.0,57.4
23.4,94.2,High,Medium,Yes,7.5,64.4,Medium,Yes,2.0,62.8
31.0,63.4,Medium,Medium,Yes,6.7,99.3,Medium,Yes,1.0,69.5
26.1,73.5,Medium,High,Yes,4.0,72.3,Medium,Yes,1.0,51.7
23.0,77.0,Medium,High,No,9.3,95.6,Medium,Yes,1.0,71.1
17.3,83.1,Medium,Medium,Yes,7.5,96.1,Medium,Yes,0.0,71.5
22.2,95.6,Low,High,Yes,7.4,59.1,Medium,Yes,1.0,59.6
18.7,87.3,Low,Medium,Yes,6.9,66.5,Medium,Yes,1.0,55.4
17.3,86.1,Low,Medium,Yes,7.7,57.7,Medium,Yes,1.0,49.4
20.0,96.4,Low,High,Yes,6.3,88.5,Medium,Yes,1.0,76.5
24.6,74.7,Medium,Medium,No,5.3,64.4,Medium,Yes,3.0,55.4
24.0,91.4,Medium,High,No,7.3,86.0,Medium,Yes,2.0,74.1
24.3,84.7,Medium,High,No,7.0,88.9,Medium,Yes,4.0,77.0
34.2,96.7,Medium,Low,Yes,10.0,87.4,Medium,Yes,0.0,72.8
18.4,90.7,Low,High,Yes,7.0,62.3,Medium,Yes,1.0,63.0
20.6,91.2,High,High,No,6.6,65.0,Medium,Yes,1.0,61.5
20.0,68.5,High,Medium,Yes,5.0,69.7,Medium,Yes,1.0,55.2
27.7,75.9,Medium,Medium,No,8.0,69.3,Medium,Yes,0.0,56.4
24.0,63.1,High,Medium,No,6.6,85.4,Medium,Yes,5.0,75.2
21.9,95.2,High,High,No,7.8,88.0,Medium,Yes,0.0,68.5
10.8,97.9,Medium,Medium,Yes,7.4,72.9,Medium,Yes,2.0,57.1
23.5,74.9,High,High,No,7.7,88.2,Medium,Yes,3.0,66.9
19.2,89.5,High,High,Yes,8.1,56.3,Medium,Yes,4.0,63.9
21.9,90.7,Medium,Low,Yes,7.8,84.4,Medium,Yes,1.0,59.9
22.7,65.3,Medium,Medium,Yes,5.5,68.4,Medium,Yes,1.0,51.2
14.6,98.2,Medium,High,No,7.3,53.3,Medium,Yes,2.0,58.4
20.3,73.9,High,Medium,Yes,10.0,53.1,Medium,Yes,1.0,45.0
16.7,80.6,Medium,Medium,Yes,8.6,54.3,Medium,Yes,0.0,41.6
15.9,88.3,Low,High,Yes,8.1,53.2,Medium,Yes,0.0,46.6
23.1,91.1,Medium,Low,No,6.4,70.7,Medium,Yes,4.0,62.2
17.9,65.1,Medium,Medium,Yes,6.3,94.4,Medium,Yes,2.0,61.8
20.6,93.1,Medium,Medium,Yes,7.3,92.3,Medium,Yes,4.0,74.6
18.0,86.1,High,Medium,Yes,6.8,57.2,Medium,Yes,2.0,58.9
20.2,87.3,Medium,Medium,Yes,9.4,67.8,Medium,No,2.0,63.3
25.9,87.2,Low,High,No,6.3,51.0,Medium,Yes,0.0,62.8
15.0,80.4,High,High,No,6.2,88.6,Medium,Yes,1.0,60.3
20.1,85.0,Medium,Medium,Yes,4.5,84.6,Medium,Yes,1.0,62.6
14.7,74.6,High,Medium,Yes,5.6,90.6,Medium,Yes,0.0,63.6
16.7,62.8,Low,Medium,Yes,6.5,75.7,Medium,Yes,0.0,57.3
21.2,85.1,Medium,Medium,Yes,7.9,51.4,Medium,Yes,1.0,46.9
29.0,76.9,High,High,Yes,8.2,71.9,Medium,No,1.0,61.2
18.8,69.0,Medium,High,Yes,7.3,70.3,Medium,Yes,1.0,62.6
27.4,91.0,Medium,Low,Yes,7.2,78.6,Medium,Yes,1.0,64.7
18.3,90.6,Medium,Low,No,6.2,71.7,Medium,Yes,1.0,58.0
29.8,69.9,Medium,High,Yes,6.4,91.1,Medium,Yes,1.0,68.9
21.8,60.5,Medium,Medium,No,5.5,80.7,Medium,Yes,1.0,60.1
20.0,98.3,High,Medium,No,10.0,68.1,Medium,Yes,1.0,54.6
24.1,99.6,Medium,Medium,No,6.1,83.6,Medium,Yes,3.0,69.3
17.6,97.6,Medium,High,No,6.4,78.9,Medium,Yes,0.0,65.5
30.5,91.3,Medium,Medium,,5.1,90.4,Medium,Yes,3.0,75.9
25.5,81.1,High,Medium,Yes,9.9,98.3,Medium,Yes,3.0,76.3
24.0,89.5,High,Medium,No,6.7,75.8,Medium,Yes,2.0,68.3
10.7,70.7,High,Low,Yes,7.4,55.7,Medium,Yes,1.0,42.8
31.6,84.1,Medium,Medium,No,7.1,92.6,Medium,Yes,0.0,72.2
22.0,61.8,Medium,Medium,Yes,7.5,98.5,Medium,Yes,4.0,62.7
21.4,89.8,High,High,No,6.7,92.5,Medium,Yes,1.0,71.7
33.4,89.5,Low,High,Yes,7.1,79.5,Medium,Yes,2.0,72.4
20.6,94.0,High,Low,No,8.6,83.1,Medium,Yes,3.0,67.6
19.5,84.1,High,Low,Yes,4.8,68.8,Medium,Yes,2.0,63.6
14.1,68.5,Medium,Medium,Yes,7.4,97.1,Medium,Yes,1.0,60.0
21.9,68.5,High,High,,7.7,94.9,Medium,Yes,0.0,62.4
21.4,74.0,High,High,No,8.1,90.4,Medium,Yes,2.0,67.9
28.2,68.8,Medium,Low,Yes,5.6,56.2,Medium,Yes,2.0,52.0
23.0,78.6,Medium,High,Yes,10.0,96.6,Medium,Yes,2.0,73.7
28.2,60.2,Medium,Medium,Yes,10.0,99.6,Medium,Yes,1.0,73.2
23.4,69.4,Low,Medium,No,4.9,69.5,Medium,Yes,0.0,60.5
21.6,69.1,Medium,High,Yes,6.3,96.4,Medium,Yes,3.0,78.8
28.5,,Low,Low,No,8.1,81.1,Medium,Yes,2.0,67.0
30.5,90.5,Medium,Medium,No,8.2,52.3,Medium,Yes,1.0,56.8
16.6,85.1,High,Low,Yes,6.7,50.6,Medium,Yes,2.0,44.1
14.4,80.7,Medium,High,Yes,6.0,97.9,Medium,Yes,1.0,70.3
16.5,82.3,Medium,Medium,No,7.6,75.5,Medium,Yes,0.0,56.5
26.5,75.3,Low,Medium,Yes,6.1,97.3,Medium,Yes,1.0,72.4
24.5,83.6,Medium,Low,Yes,8.1,57.8,Medium,Yes,1.0,51.1
25.4,63.5,Medium,Medium,Yes,6.6,52.1,Medium,Yes,2.0,51.4
24.1,61.4,High,Medium,No,6.2,88.6,Medium,No,3.0,66.0
23.7,80.7,Low,Low,No,6.5,52.7,Medium,Yes,0.0,48.1
9.9,73.8,High,Medium,No,8.9,84.4,Medium,Yes,3.0,63.6
23.1,96.0,Medium,High,Yes,8.0,89.4,Medium,Yes,1.0,74.2
22.0,92.2,Medium,Low,No,4.7,95.3,Medium,Yes,0.0,65.1
25.1,75.2,Low,Medium,Yes,6.1,61.1,Medium,Yes,1.0,51.7
22.7,63.8,High,Medium,Yes,8.2,73.1,Medium,Yes,3.0,66.3
14.3,98.0,Medium,Medium,,8.7,73.8,Medium,Yes,2.0,60.0
28.7,68.3,Medium,Medium,Yes,6.9,89.0,Medium,Yes,1.0,67.9
26.9,81.6,Medium,Low,Yes,8.5,69.4,Medium,Yes,4.0,63.8
25.6,84.0,High,High,Yes,7.7,94.5,Medium,Yes,3.0,78.5
17.4,66.7,Medium,Low,No,9.0,80.5,Medium,Yes,1.0,53.9
21.5,94.8,Medium,Low,Yes,5.7,74.0,Medium,Yes,3.0,61.6
13.5,99.5,Medium,Medium,Yes,8.0,98.2,Medium,Yes,1.0,73.3
18.8,65.7,Medium,Medium,No,8.2,68.1,Medium,Yes,2.0,48.6
15.1,88.6,Low,Medium,Yes,6.5,86.8,Medium,Yes,1.0,63.7
27.6,96.4,Medium,Medium,Yes,6.1,61.1,Medium,Yes,0.0,56.5
11.4,80.4,Medium,Medium,Yes,4.8,70.0,Medium,Yes,2.0,51.6
8.0,84.5,Medium,High,Yes,8.2,81.2,Medium,Yes,3.0,65.3
21.7,94.4,Medium,Low,No,8.0,74.9,Medium,No,4.0,66.9
24.1,76.2,High,Medium,Yes,6.8,89.5,Medium,Yes,0.0,68.3
20.9,90.2,Medium,Medium,Yes,7.0,62.5,Medium,No,1.0,62.5
28.8,72.9,High,Low,Yes,6.7,74.4,Medium,Yes,2.0,66.3
11.0,90.9,Low,Medium,No,8.1,74.9,Medium,No,0.0,48.2
22.7,87.1,Medium,Medium,Yes,6.2,96.3,Medium,Yes,2.0,70.6
11.0,74.9,Low,High,,8.2,82.2,Medium,Yes,2.0,61.7
18.2,72.2,High,Low,Yes,7.3,65.3,Medium,Yes,1.0,53.7
13.8,95.5,Medium,Medium,Yes,7.5,94.8,Medium,No,3.0,75.4
23.6,86.4,High,Low,Yes,6.2,95.2,Medium,Yes,0.0,62.3
18.6,65.5,Medium,High,No,6.2,91.5,Medium,Yes,0.0,63.9
24.2,95.9,,Medium,No,7.0,59.7,Medium,Yes,1.0,63.0
16.6,71.4,Medium,Medium,No,7.1,95.8,Medium,Yes,2.0,64.3
10.0,75.2,Medium,Medium,Yes,7.0,85.0,Medium,Yes,1.0,49.2
8.8,67.7,High,Medium,No,7.7,58.7,Medium,Yes,1.0,45.7
19.9,78.0,High,Medium,Yes,8.2,94.0,Medium,Yes,2.0,69.0
17.8,82.6,Medium,Medium,Yes,7.4,84.3,Medium,Yes,2.0,65.2
18.2,75.8,Medium,Medium,Yes,8.6,79.3,Medium,Yes,1.0,64.7
10.9,65.6,Medium,High,Yes,8.6,61.1,Medium,Yes,3.0,51.9
26.8,89.0,High,Medium,Yes,7.1,69.1,Medium,Yes,1.0,63.5
27.4,92.3,Low,Medium,Yes,6.8,51.0,Medium,Yes,2.0,56.7
14.5,72.6,Medium,Medium,Yes,8.5,67.6,Medium,Yes,1.0,50.4
22.7,60.7,Low,Medium,No,5.4,62.6,Medium,Yes,0.0,49.6
26.4,63.3,Medium,High,No,7.1,64.6,Medium,Yes,1.0,59.0
18.1,79.4,Medium,Medium,No,5.8,84.2,Medium,Yes,0.0,58.5
17.3,100.0,Medium,Medium,No,8.4,84.0,Medium,Yes,1.0,65.0
22.9,67.3,Medium,High,No,9.5,55.2,Medium,Yes,5.0,61.7
20.6,79.9,Low,High,No,5.6,99.1,Medium,Yes,2.0,77.3
30.5,69.1,High,Medium,Yes,5.8,55.9,Medium,Yes,2.0,58.5
25.4,95.4,Low,Medium,No,9.6,84.8,Medium,Yes,0.0,68.1
24.0,67.3,High,Medium,Yes,6.4,56.3,Medium,Yes,0.0,50.5
21.3,97.5,Medium,High,No,5.2,63.2,Medium,Yes,3.0,61.5
29.0,66.6,High,Low,No,5.2,60.6,Medium,Yes,1.0,56.0
18.3,63.6,Low,Low,Yes,6.4,88.8,Medium,Yes,0.0,57.6
23.2,93.8,Medium,Medium,Yes,9.2,56.1,Medium,Yes,3.0,61.2
10.7,93.5,High,Low,Yes,4.0,50.3,Medium,Yes,1.0,49.0
32.0,75.5,Medium,Medium,Yes,9.5,66.7,Medium,Yes,2.0,62.0
13.9,76.8,Medium,Medium,No,8.9,94.4,Medium,Yes,1.0,64.9
21.8,74.2,Medium,Medium,Yes,8.7,99.0,Medium,Yes,6.0,84.8
17.9,93.5,Medium,Low,Yes,6.7,51.5,Medium,Yes,3.0,55.2
23.4,91.2,Low,High,No,6.7,50.8,Medium,Yes,1.0,51.7
21.4,78.3,High,Medium,Yes,8.6,91.0,Medium,Yes,1.0,61.2
22.8,98.1,High,Medium,No,6.4,92.8,Medium,Yes,4.0,80.6
22.3,68.7,High,,Yes,8.2,57.6,Medium,Yes,1.0,50.0
21.7,62.5,Low,Low,Yes,7.9,76.4,Medium,Yes,0.0,54.6
9.2,80.2,High,Medium,Yes,9.1,55.8,Medium,Yes,2.0,51.6
23.4,80.7,High,High,No,8.2,87.1,Medium,Yes,2.0,67.3
19.8,96.6,Medium,High,No,9.3,85.6,Medium,Yes,1.0,62.1
23.4,79.2,Medium,Low,Yes,7.5,74.2,Medium,Yes,3.0,57.9
9.9,94.8,Low,Medium,No,8.4,64.7,Medium,Yes,1.0,54.3
20.0,87.1,High,High,Yes,4.9,73.4,Medium,Yes,4.0,75.4
25.7,73.6,Medium,Medium,No,7.8,70.9,Medium,Yes,1.0,61.4
15.6,77.9,Medium,High,No,7.7,77.5,Medium,Yes,1.0,66.7
12.4,92.2,Medium,Medium,No,6.9,96.8,Medium,Yes,1.0,67.3
9.5,97.9,Medium,High,Yes,5.3,74.7,Medium,Yes,1.0,58.5
28.9,62.8,Medium,High,No,8.3,96.1,Medium,Yes,1.0,77.3
31.0,69.2,Medium,Medium,Yes,8.1,96.6,Medium,Yes,1.0,69.1
20.0,99.2,Low,Medium,Yes,6.6,96.7,Medium,Yes,1.0,74.6
23.0,77.6,Medium,Low,Yes,7.2,54.2,Medium,Yes,4.0,49.8
18.0,74.1,High,High,Yes,9.4,78.4,Medium,Yes,1.0,65.0
18.8,78.2,Medium,High,No,6.5,73.6,Medium,Yes,0.0,64.3
25.2,73.0,High,Medium,Yes,7.6,89.2,Medium,Yes,4.0,71.7
15.4,66.9,Low,High,Yes,6.8,85.6,Medium,Yes,1.0,58.0
14.0,94.9,Medium,High,Yes,5.8,61.4,Medium,Yes,0.0,57.2
11.1,95.0,Medium,Low,Yes,5.4,90.6,Medium,Yes,1.0,58.4
14.5,77.9,Medium,Medium,No,7.0,81.5,Medium,Yes,2.0,59.3
12.3,67.7,Medium,Low,No,9.4,73.8,Medium,Yes,1.0,46.3
31.2,82.3,Medium,High,No,7.6,73.7,Medium,Yes,0.0,63.5
22.5,89.2,Low,High,Yes,7.6,98.9,Medium,Yes,3.0,82.9
22.1,81.9,Low,Medium,Yes,4.9,76.8,Medium,Yes,0.0,61.0
19.6,90.6,High,Medium,No,10.0,71.2,Medium,Yes,1.0,58.4
21.9,83.7,Low,High,No,7.8,83.4,Medium,Yes,0.0,66.4
2.5,97.9,High,Medium,No,7.3,83.9,Medium,Yes,2.0,56.8
23.9,63.6,High,High,Yes,5.5,65.3,Medium,Yes,1.0,58.7
35.1,93.1,Medium,Medium,Yes,7.9,94.2,Medium,Yes,1.0,80.0
13.3,88.5,Low,High,No,7.1,69.5,Medium,Yes,1.0,58.3
21.4,,High,High,Yes,7.6,77.0,Medium,Yes,1.0,59.0
18.7,87.0,Low,Medium,Yes,5.6,86.3,Medium,Yes,1.0,68.0
19.6,68.7,Medium,Medium,Yes,7.0,50.6,Medium,No,0.0,47.5
26.4,64.7,High,Medium,Yes,8.2,54.9,Medium,Yes,1.0,49.9
13.1,95.7,High,Medium,No,6.3,50.5,Medium,Yes,0.0,45.7
24.8,61.7,Low,Low,No,6.1,91.1,Medium,Yes,2.0,61.2
28.0,61.5,Low,Medium,Yes,8.5,80.0,Medium,Yes,1.0,64.8
